,0,Dataset,Epsilon,Network,Image,Result,TotalTime,Unnamed: 0,Verifier,instance,solved_bool,solved,score
798,,mnist,0.002,N26,MNIST_P41_N26,unsat,10.5094,798.0,marabou,MNIST_P41_N26 N26 0.002,True,1,1
10965,,mnist,0.005,N17,MNIST_P25_N17,unsat,54.1487,2165.0,marabou,MNIST_P25_N17 N17 0.005,True,1,1
9406,,mnist,0.008,N17,MNIST_P15_N17,unsat,55.9634,606.0,marabou,MNIST_P15_N17 N17 0.008,True,1,1
10953,,mnist,0.005,N17,MNIST_P82_N17,unsat,54.2878,2153.0,marabou,MNIST_P82_N17 N17 0.005,True,1,1
9454,,mnist,0.008,N17,MNIST_P80_N17,unsat,53.9976,654.0,marabou,MNIST_P80_N17 N17 0.008,True,1,1
7443,,mnist,0.004,N26,MNIST_P41_N26,unsat,10.2619,3043.0,marabou,MNIST_P41_N26 N26 0.004,True,1,1
769,,mnist,0.002,N26,MNIST_P66_N26,unsat,10.716,769.0,marabou,MNIST_P66_N26 N26 0.002,True,1,1
2897,,mnist,0.002,N26,MNIST_P86_N26,unsat,10.5139,2897.0,marabou,MNIST_P86_N26 N26 0.002,True,1,1
9488,,mnist,0.008,N17,MNIST_P38_N17,unsat,56.0774,688.0,marabou,MNIST_P38_N17 N17 0.008,True,1,1
7468,,mnist,0.004,N17,MNIST_P57_N17,unsat,55.1202,3068.0,marabou,MNIST_P57_N17 N17 0.004,True,1,1
9505,,mnist,0.008,N17,MNIST_P67_N17,unsat,56.816,705.0,marabou,MNIST_P67_N17 N17 0.008,True,1,1
821,,mnist,0.002,N17,MNIST_P5_N17,unsat,55.0637,821.0,marabou,MNIST_P5_N17 N17 0.002,True,1,1
788,,mnist,0.002,N17,MNIST_P78_N17,unsat,53.4778,788.0,marabou,MNIST_P78_N17 N17 0.002,True,1,1
7504,,mnist,0.004,N17,MNIST_P99_N17,unsat,54.1835,3104.0,marabou,MNIST_P99_N17 N17 0.004,True,1,1
11946,,mnist,0.005,N17,MNIST_P11_N17,unsat,54.0971,3146.0,marabou,MNIST_P11_N17 N17 0.005,True,1,1
2870,,mnist,0.002,N26,MNIST_P59_N26,unsat,10.4333,2870.0,marabou,MNIST_P59_N26 N26 0.002,True,1,1
7546,,mnist,0.004,N17,MNIST_P82_N17,unsat,55.1103,3146.0,marabou,MNIST_P82_N17 N17 0.004,True,1,1
10987,,mnist,0.005,N17,MNIST_P45_N17,unsat,54.6819,2187.0,marabou,MNIST_P45_N17 N17 0.005,True,1,1
7567,,mnist,0.004,N17,MNIST_P75_N17,unsat,54.6984,3167.0,marabou,MNIST_P75_N17 N17 0.004,True,1,1
2869,,mnist,0.002,N17,MNIST_P40_N17,unsat,53.4296,2869.0,marabou,MNIST_P40_N17 N17 0.002,True,1,1
2906,,mnist,0.002,N26,MNIST_P17_N26,unsat,10.5882,2906.0,marabou,MNIST_P17_N26 N26 0.002,True,1,1
11954,,mnist,0.005,N17,MNIST_P12_N17,unsat,55.5344,3154.0,marabou,MNIST_P12_N17 N17 0.005,True,1,1
9363,,mnist,0.008,N17,MNIST_P24_N17,unsat,54.4671,563.0,marabou,MNIST_P24_N17 N17 0.008,True,1,1
12704,,mnist,0.008,N17,MNIST_P77_N17,unsat,53.706,3904.0,marabou,MNIST_P77_N17 N17 0.008,True,1,1
10852,,mnist,0.005,N17,MNIST_P1_N17,unsat,53.9137,2052.0,marabou,MNIST_P1_N17 N17 0.005,True,1,1
7234,,mnist,0.004,N17,MNIST_P72_N17,unsat,54.3517,2834.0,marabou,MNIST_P72_N17 N17 0.004,True,1,1
9215,,mnist,0.008,N17,MNIST_P95_N17,unsat,54.5794,415.0,marabou,MNIST_P95_N17 N17 0.008,True,1,1
7248,,mnist,0.004,N17,MNIST_P30_N17,unsat,60.5273,2848.0,marabou,MNIST_P30_N17 N17 0.004,True,1,1
9224,,mnist,0.008,N17,MNIST_P6_N17,unsat,54.6973,424.0,marabou,MNIST_P6_N17 N17 0.008,True,1,1
605,,mnist,0.002,N17,MNIST_P6_N17,unsat,53.4582,605.0,marabou,MNIST_P6_N17 N17 0.002,True,1,1
814,,mnist,0.01,N17,MNIST_P30_N17,unsat,54.6732,814.0,marabou,MNIST_P30_N17 N17 0.01,True,1,1
614,,mnist,0.002,N26,MNIST_P7_N26,unsat,10.5323,614.0,marabou,MNIST_P7_N26 N26 0.002,True,1,1
7277,,mnist,0.004,N17,MNIST_P52_N17,unsat,53.8214,2877.0,marabou,MNIST_P52_N17 N17 0.004,True,1,1
617,,mnist,0.002,N17,MNIST_P94_N17,unsat,52.9506,617.0,marabou,MNIST_P94_N17 N17 0.002,True,1,1
7312,,mnist,0.004,N17,MNIST_P37_N17,unsat,54.5157,2912.0,marabou,MNIST_P37_N17 N17 0.004,True,1,1
629,,mnist,0.002,N17,MNIST_P52_N17,unsat,52.5301,629.0,marabou,MNIST_P52_N17 N17 0.002,True,1,1
10863,,mnist,0.005,N17,MNIST_P47_N17,unsat,54.6572,2063.0,marabou,MNIST_P47_N17 N17 0.005,True,1,1
667,,mnist,0.002,N26,MNIST_P14_N26,unsat,10.3423,667.0,marabou,MNIST_P14_N26 N26 0.002,True,1,1
9341,,mnist,0.008,N17,MNIST_P45_N17,unsat,54.5305,541.0,marabou,MNIST_P45_N17 N17 0.008,True,1,1
683,,mnist,0.002,N17,MNIST_P59_N17,unsat,54.3724,683.0,marabou,MNIST_P59_N17 N17 0.002,True,1,1
2918,,mnist,0.002,N17,MNIST_P54_N17,unsat,54.9006,2918.0,marabou,MNIST_P54_N17 N17 0.002,True,1,1
495,,mnist,0.01,N17,MNIST_P25_N17,unsat,62.668,495.0,marabou,MNIST_P25_N17 N17 0.01,True,1,1
7616,,mnist,0.004,N26,MNIST_P49_N26,unsat,10.6338,3216.0,marabou,MNIST_P49_N26 N26 0.004,True,1,1
8100,,mnist,0.006,N17,MNIST_P99_N17,unsat,54.4681,3700.0,marabou,MNIST_P99_N17 N17 0.006,True,1,1
10089,,mnist,0.008,N17,MNIST_P90_N17,unsat,54.6892,1289.0,marabou,MNIST_P90_N17 N17 0.008,True,1,1
10028,,mnist,0.008,N26,MNIST_P60_N26,unsat,10.71,1228.0,marabou,MNIST_P60_N26 N26 0.008,True,1,1
970,,mnist,0.002,N26,MNIST_P38_N26,unsat,10.8474,970.0,marabou,MNIST_P38_N26 N26 0.002,True,1,1
2836,,mnist,0.002,N17,MNIST_P88_N17,unsat,52.9241,2836.0,marabou,MNIST_P88_N17 N17 0.002,True,1,1
7885,,mnist,0.004,N17,MNIST_P6_N17,unsat,54.2644,3485.0,marabou,MNIST_P6_N17 N17 0.004,True,1,1
984,,mnist,0.002,N26,MNIST_P29_N26,unsat,10.7143,984.0,marabou,MNIST_P29_N26 N26 0.002,True,1,1
986,,mnist,0.002,N17,MNIST_P93_N17,unsat,54.6296,986.0,marabou,MNIST_P93_N17 N17 0.002,True,1,1
10083,,mnist,0.008,N17,MNIST_P31_N17,unsat,54.1519,1283.0,marabou,MNIST_P31_N17 N17 0.008,True,1,1
2814,,mnist,0.002,N17,MNIST_P34_N17,unsat,54.931,2814.0,marabou,MNIST_P34_N17 N17 0.002,True,1,1
73,,mnist,0.01,N17,MNIST_P32_N17,unsat,60.8022,73.0,marabou,MNIST_P32_N17 N17 0.01,True,1,1
7633,,mnist,0.004,N17,MNIST_P98_N17,unsat,54.3758,3233.0,marabou,MNIST_P98_N17 N17 0.004,True,1,1
7922,,mnist,0.004,N17,MNIST_P36_N17,unsat,55.1018,3522.0,marabou,MNIST_P36_N17 N17 0.004,True,1,1
10122,,mnist,0.008,N17,MNIST_P34_N17,unsat,55.1134,1322.0,marabou,MNIST_P34_N17 N17 0.008,True,1,1
10143,,mnist,0.008,N17,MNIST_P37_N17,unsat,54.0412,1343.0,marabou,MNIST_P37_N17 N17 0.008,True,1,1
1007,,mnist,0.002,N3,MNIST_P23_N3,unsat,46.635,1007.0,marabou,MNIST_P23_N3 N3 0.002,True,1,1
7962,,mnist,0.004,N26,MNIST_P17_N26,unsat,11.199,3562.0,marabou,MNIST_P17_N26 N26 0.004,True,1,1
10178,,mnist,0.008,N17,MNIST_P91_N17,unsat,54.2464,1378.0,marabou,MNIST_P91_N17 N17 0.008,True,1,1
1013,,mnist,0.002,N26,MNIST_P83_N26,unsat,10.716,1013.0,marabou,MNIST_P83_N26 N26 0.002,True,1,1
7994,,mnist,0.004,N17,MNIST_P93_N17,unsat,54.6737,3594.0,marabou,MNIST_P93_N17 N17 0.004,True,1,1
2856,,mnist,0.002,N17,MNIST_P61_N17,unsat,53.3571,2856.0,marabou,MNIST_P61_N17 N17 0.002,True,1,1
10015,,mnist,0.008,N26,MNIST_P68_N26,unsat,10.4572,1215.0,marabou,MNIST_P68_N26 N26 0.008,True,1,1
926,,mnist,0.002,N17,MNIST_P36_N17,unsat,52.8735,926.0,marabou,MNIST_P36_N17 N17 0.002,True,1,1
920,,mnist,0.002,N17,MNIST_P45_N17,unsat,54.122,920.0,marabou,MNIST_P45_N17 N17 0.002,True,1,1
825,,mnist,0.002,N17,MNIST_P82_N17,unsat,56.0907,825.0,marabou,MNIST_P82_N17 N17 0.002,True,1,1
2867,,mnist,0.002,N26,MNIST_P49_N26,unsat,10.4592,2867.0,marabou,MNIST_P49_N26 N26 0.002,True,1,1
7654,,mnist,0.004,N17,MNIST_P68_N17,unsat,53.91,3254.0,marabou,MNIST_P68_N17 N17 0.004,True,1,1
9735,,mnist,0.008,N26,MNIST_P13_N26,unsat,10.5844,935.0,marabou,MNIST_P13_N26 N26 0.008,True,1,1
9763,,mnist,0.008,N17,MNIST_P5_N17,unsat,54.8473,963.0,marabou,MNIST_P5_N17 N17 0.008,True,1,1
7712,,mnist,0.004,N26,MNIST_P27_N26,unsat,10.6307,3312.0,marabou,MNIST_P27_N26 N26 0.004,True,1,1
852,,mnist,0.002,N17,MNIST_P72_N17,unsat,52.4546,852.0,marabou,MNIST_P72_N17 N17 0.002,True,1,1
874,,mnist,0.002,N17,MNIST_P60_N17,unsat,53.1376,874.0,marabou,MNIST_P60_N17 N17 0.002,True,1,1
283,,mnist,0.01,N17,MNIST_P49_N17,unsat,56.7305,283.0,marabou,MNIST_P49_N17 N17 0.01,True,1,1
2860,,mnist,0.002,N26,MNIST_P12_N26,unsat,10.7572,2860.0,marabou,MNIST_P12_N26 N26 0.002,True,1,1
9871,,mnist,0.008,N17,MNIST_P27_N17,unsat,53.6516,1071.0,marabou,MNIST_P27_N17 N17 0.008,True,1,1
7731,,mnist,0.004,N26,MNIST_P56_N26,unsat,10.8351,3331.0,marabou,MNIST_P56_N26 N26 0.004,True,1,1
879,,mnist,0.002,N17,MNIST_P64_N17,unsat,53.4347,879.0,marabou,MNIST_P64_N17 N17 0.002,True,1,1
893,,mnist,0.002,N17,MNIST_P7_N17,unsat,53.1664,893.0,marabou,MNIST_P7_N17 N17 0.002,True,1,1
9891,,mnist,0.008,N17,MNIST_P0_N17,unsat,54.3056,1091.0,marabou,MNIST_P0_N17 N17 0.008,True,1,1
901,,mnist,0.002,N17,MNIST_P39_N17,unsat,54.2274,901.0,marabou,MNIST_P39_N17 N17 0.002,True,1,1
915,,mnist,0.002,N26,MNIST_P97_N26,unsat,10.7476,915.0,marabou,MNIST_P97_N26 N26 0.002,True,1,1
578,,mnist,0.002,N17,MNIST_P75_N17,unsat,53.7632,578.0,marabou,MNIST_P75_N17 N17 0.002,True,1,1
12754,,mnist,0.008,N17,MNIST_P39_N17,unsat,60.9044,3954.0,marabou,MNIST_P39_N17 N17 0.008,True,1,1
9113,,mnist,0.008,N17,MNIST_P76_N17,unsat,56.1359,313.0,marabou,MNIST_P76_N17 N17 0.008,True,1,1
3023,,mnist,0.002,N17,MNIST_P22_N17,unsat,52.7986,3023.0,marabou,MNIST_P22_N17 N17 0.002,True,1,1
8352,,mnist,0.006,N17,MNIST_P56_N17,unsat,54.7508,3952.0,marabou,MNIST_P56_N17 N17 0.006,True,1,1
12940,,mnist,0.008,N17,MNIST_P68_N17,unsat,54.8466,4140.0,marabou,MNIST_P68_N17 N17 0.008,True,1,1
6647,,mnist,0.004,N17,MNIST_P95_N17,unsat,54.7347,2247.0,marabou,MNIST_P95_N17 N17 0.004,True,1,1
3029,,mnist,0.002,N17,MNIST_P96_N17,unsat,53.1531,3029.0,marabou,MNIST_P96_N17 N17 0.002,True,1,1
12881,,mnist,0.008,N17,MNIST_P57_N17,unsat,54.0439,4081.0,marabou,MNIST_P57_N17 N17 0.008,True,1,1
327,,mnist,0.002,N17,MNIST_P14_N17,unsat,53.9234,327.0,marabou,MNIST_P14_N17 N17 0.002,True,1,1
6715,,mnist,0.004,N17,MNIST_P26_N17,unsat,54.0113,2315.0,marabou,MNIST_P26_N17 N17 0.004,True,1,1
331,,mnist,0.002,N17,MNIST_P90_N17,unsat,52.8581,331.0,marabou,MNIST_P90_N17 N17 0.002,True,1,1
340,,mnist,0.002,N17,MNIST_P13_N17,unsat,52.6672,340.0,marabou,MNIST_P13_N17 N17 0.002,True,1,1
11967,,mnist,0.005,N17,MNIST_P26_N17,unsat,54.4308,3167.0,marabou,MNIST_P26_N17 N17 0.005,True,1,1
358,,mnist,0.002,N17,MNIST_P87_N17,unsat,52.7263,358.0,marabou,MNIST_P87_N17 N17 0.002,True,1,1
367,,mnist,0.002,N17,MNIST_P48_N17,unsat,52.7731,367.0,marabou,MNIST_P48_N17 N17 0.002,True,1,1
8472,,mnist,0.006,N17,MNIST_P26_N17,unsat,54.4907,4072.0,marabou,MNIST_P26_N17 N17 0.006,True,1,1
8474,,mnist,0.006,N17,MNIST_P6_N17,unsat,54.8374,4074.0,marabou,MNIST_P6_N17 N17 0.006,True,1,1
8521,,mnist,0.006,N26,MNIST_P83_N26,unsat,10.582,4121.0,marabou,MNIST_P83_N26 N26 0.006,True,1,1
374,,mnist,0.002,N26,MNIST_P22_N26,unsat,10.8129,374.0,marabou,MNIST_P22_N26 N26 0.002,True,1,1
8530,,mnist,0.006,N17,MNIST_P53_N17,unsat,53.789,4130.0,marabou,MNIST_P53_N17 N17 0.006,True,1,1
8541,,mnist,0.006,N17,MNIST_P1_N17,unsat,54.9646,4141.0,marabou,MNIST_P1_N17 N17 0.006,True,1,1
6588,,mnist,0.004,N26,MNIST_P75_N26,unsat,10.9132,2188.0,marabou,MNIST_P75_N26 N26 0.004,True,1,1
6567,,mnist,0.004,N17,MNIST_P16_N17,unsat,54.3548,2167.0,marabou,MNIST_P16_N17 N17 0.004,True,1,1
296,,mnist,0.002,N3,MNIST_P0_N3,unsat,46.0226,296.0,marabou,MNIST_P0_N3 N3 0.002,True,1,1
284,,mnist,0.002,N26,MNIST_P15_N26,unsat,10.5175,284.0,marabou,MNIST_P15_N26 N26 0.002,True,1,1
6391,,mnist,0.004,N17,MNIST_P48_N17,unsat,54.038,1991.0,marabou,MNIST_P48_N17 N17 0.004,True,1,1
8129,,mnist,0.006,N17,MNIST_P76_N17,unsat,54.7672,3729.0,marabou,MNIST_P76_N17 N17 0.006,True,1,1
8133,,mnist,0.006,N17,MNIST_P11_N17,unsat,54.4234,3733.0,marabou,MNIST_P11_N17 N17 0.006,True,1,1
188,,mnist,0.002,N26,MNIST_P33_N26,unsat,10.5611,188.0,marabou,MNIST_P33_N26 N26 0.002,True,1,1
6414,,mnist,0.004,N26,MNIST_P47_N26,unsat,10.5823,2014.0,marabou,MNIST_P47_N26 N26 0.004,True,1,1
191,,mnist,0.002,N3,MNIST_P67_N3,unsat,45.1631,191.0,marabou,MNIST_P67_N3 N3 0.002,True,1,1
8184,,mnist,0.006,N17,MNIST_P48_N17,unsat,54.3232,3784.0,marabou,MNIST_P48_N17 N17 0.006,True,1,1
6430,,mnist,0.004,N26,MNIST_P67_N26,unsat,10.5163,2030.0,marabou,MNIST_P67_N26 N26 0.004,True,1,1
12101,,mnist,0.008,N17,MNIST_P99_N17,unsat,54.4292,3301.0,marabou,MNIST_P99_N17 N17 0.008,True,1,1
3034,,mnist,0.002,N26,MNIST_P90_N26,unsat,10.5666,3034.0,marabou,MNIST_P90_N26 N26 0.002,True,1,1
1629,,mnist,0.01,N17,MNIST_P47_N17,unsat,54.3819,1629.0,marabou,MNIST_P47_N17 N17 0.01,True,1,1
12021,,mnist,0.005,N17,MNIST_P51_N17,unsat,54.7856,3221.0,marabou,MNIST_P51_N17 N17 0.005,True,1,1
12962,,mnist,0.008,N17,MNIST_P89_N17,unsat,53.4552,4162.0,marabou,MNIST_P89_N17 N17 0.008,True,1,1
249,,mnist,0.002,N26,MNIST_P67_N26,unsat,11.1916,249.0,marabou,MNIST_P67_N26 N26 0.002,True,1,1
6520,,mnist,0.004,N17,MNIST_P79_N17,unsat,54.3407,2120.0,marabou,MNIST_P79_N17 N17 0.004,True,1,1
259,,mnist,0.002,N3,MNIST_P17_N3,unsat,46.6018,259.0,marabou,MNIST_P17_N3 N3 0.002,True,1,1
1546,,mnist,0.01,N17,MNIST_P52_N17,unsat,54.6994,1546.0,marabou,MNIST_P52_N17 N17 0.01,True,1,1
6798,,mnist,0.004,N26,MNIST_P68_N26,unsat,10.6726,2398.0,marabou,MNIST_P68_N26 N26 0.004,True,1,1
2989,,mnist,0.002,N17,MNIST_P33_N17,unsat,53.0223,2989.0,marabou,MNIST_P33_N17 N17 0.002,True,1,1
8558,,mnist,0.006,N17,MNIST_P15_N17,unsat,54.1624,4158.0,marabou,MNIST_P15_N17 N17 0.006,True,1,1
8915,,mnist,0.008,N17,MNIST_P96_N17,unsat,57.2979,115.0,marabou,MNIST_P96_N17 N17 0.008,True,1,1
7055,,mnist,0.004,N17,MNIST_P77_N17,unsat,54.5076,2655.0,marabou,MNIST_P77_N17 N17 0.004,True,1,1
469,,mnist,0.002,N26,MNIST_P39_N26,unsat,10.415,469.0,marabou,MNIST_P39_N26 N26 0.002,True,1,1
8947,,mnist,0.008,N17,MNIST_P21_N17,unsat,55.1304,147.0,marabou,MNIST_P21_N17 N17 0.008,True,1,1
10803,,mnist,0.005,N17,MNIST_P84_N17,unsat,54.8515,2003.0,marabou,MNIST_P84_N17 N17 0.005,True,1,1
512,,mnist,0.002,N26,MNIST_P4_N26,unsat,10.8732,512.0,marabou,MNIST_P4_N26 N26 0.002,True,1,1
10804,,mnist,0.005,N17,MNIST_P52_N17,unsat,54.3053,2004.0,marabou,MNIST_P52_N17 N17 0.005,True,1,1
7084,,mnist,0.004,N17,MNIST_P15_N17,unsat,54.4423,2684.0,marabou,MNIST_P15_N17 N17 0.004,True,1,1
7087,,mnist,0.004,N17,MNIST_P85_N17,unsat,54.2427,2687.0,marabou,MNIST_P85_N17 N17 0.004,True,1,1
7096,,mnist,0.004,N26,MNIST_P69_N26,unsat,10.6079,2696.0,marabou,MNIST_P69_N26 N26 0.004,True,1,1
7123,,mnist,0.004,N26,MNIST_P83_N26,unsat,10.6642,2723.0,marabou,MNIST_P83_N26 N26 0.004,True,1,1
9050,,mnist,0.008,N26,MNIST_P26_N26,unsat,11.227,250.0,marabou,MNIST_P26_N26 N26 0.008,True,1,1
521,,mnist,0.002,N17,MNIST_P21_N17,unsat,55.6685,521.0,marabou,MNIST_P21_N17 N17 0.002,True,1,1
2958,,mnist,0.002,N26,MNIST_P54_N26,unsat,10.5178,2958.0,marabou,MNIST_P54_N26 N26 0.002,True,1,1
9085,,mnist,0.008,N26,MNIST_P0_N26,unsat,10.7783,285.0,marabou,MNIST_P0_N26 N26 0.008,True,1,1
9093,,mnist,0.008,N17,MNIST_P9_N17,unsat,53.9462,293.0,marabou,MNIST_P9_N17 N17 0.008,True,1,1
7137,,mnist,0.004,N26,MNIST_P13_N26,unsat,10.6756,2737.0,marabou,MNIST_P13_N26 N26 0.004,True,1,1
557,,mnist,0.002,N26,MNIST_P58_N26,unsat,10.6186,557.0,marabou,MNIST_P58_N26 N26 0.002,True,1,1
459,,mnist,0.002,N3,MNIST_P34_N3,unsat,45.353,459.0,marabou,MNIST_P34_N3 N3 0.002,True,1,1
7024,,mnist,0.004,N17,MNIST_P10_N17,unsat,54.7961,2624.0,marabou,MNIST_P10_N17 N17 0.004,True,1,1
392,,mnist,0.002,N17,MNIST_P65_N17,unsat,54.7376,392.0,marabou,MNIST_P65_N17 N17 0.002,True,1,1
458,,mnist,0.002,N3,MNIST_P71_N3,unsat,46.343,458.0,marabou,MNIST_P71_N3 N3 0.002,True,1,1
12818,,mnist,0.008,N17,MNIST_P55_N17,unsat,54.8628,4018.0,marabou,MNIST_P55_N17 N17 0.008,True,1,1
426,,mnist,0.002,N3,MNIST_P56_N3,unsat,47.6602,426.0,marabou,MNIST_P56_N3 N3 0.002,True,1,1
8640,,mnist,0.006,N17,MNIST_P37_N17,unsat,55.5166,4240.0,marabou,MNIST_P37_N17 N17 0.006,True,1,1
428,,mnist,0.002,N3,MNIST_P54_N3,unsat,47.8299,428.0,marabou,MNIST_P54_N3 N3 0.002,True,1,1
6869,,mnist,0.004,N26,MNIST_P19_N26,unsat,10.8501,2469.0,marabou,MNIST_P19_N26 N26 0.004,True,1,1
439,,mnist,0.002,N17,MNIST_P85_N17,unsat,53.0152,439.0,marabou,MNIST_P85_N17 N17 0.002,True,1,1
8738,,mnist,0.006,N26,MNIST_P26_N26,unsat,10.6935,4338.0,marabou,MNIST_P26_N26 N26 0.006,True,1,1
10749,,mnist,0.005,N26,MNIST_P0_N26,unsat,10.6529,1949.0,marabou,MNIST_P0_N26 N26 0.005,True,1,1
6916,,mnist,0.004,N26,MNIST_P99_N26,unsat,10.5483,2516.0,marabou,MNIST_P99_N26 N26 0.004,True,1,1
2969,,mnist,0.002,N17,MNIST_P2_N17,unsat,52.1739,2969.0,marabou,MNIST_P2_N17 N17 0.002,True,1,1
8775,,mnist,0.006,N17,MNIST_P20_N17,unsat,55.2806,4375.0,marabou,MNIST_P20_N17 N17 0.006,True,1,1
6955,,mnist,0.004,N17,MNIST_P42_N17,unsat,53.6992,2555.0,marabou,MNIST_P42_N17 N17 0.004,True,1,1
451,,mnist,0.002,N3,MNIST_P52_N3,unsat,46.6748,451.0,marabou,MNIST_P52_N3 N3 0.002,True,1,1
8847,,mnist,0.008,N17,MNIST_P48_N17,unsat,58.5637,47.0,marabou,MNIST_P48_N17 N17 0.008,True,1,1
6974,,mnist,0.004,N17,MNIST_P88_N17,unsat,54.4471,2574.0,marabou,MNIST_P88_N17 N17 0.004,True,1,1
454,,mnist,0.002,N26,MNIST_P57_N26,unsat,10.4256,454.0,marabou,MNIST_P57_N26 N26 0.002,True,1,1
7002,,mnist,0.004,N17,MNIST_P29_N17,unsat,54.3895,2602.0,marabou,MNIST_P29_N17 N17 0.004,True,1,1
10227,,mnist,0.008,N17,MNIST_P19_N17,unsat,54.2292,1427.0,marabou,MNIST_P19_N17 N17 0.008,True,1,1
10230,,mnist,0.008,N17,MNIST_P86_N17,unsat,55.1822,1430.0,marabou,MNIST_P86_N17 N17 0.008,True,1,1
10236,,mnist,0.008,N17,MNIST_P36_N17,unsat,53.564,1436.0,marabou,MNIST_P36_N17 N17 0.008,True,1,1
1752,,mnist,0.002,N26,MNIST_P36_N26,unsat,10.0533,1752.0,marabou,MNIST_P36_N26 N26 0.002,True,1,1
11398,,mnist,0.008,N17,MNIST_P23_N17,unsat,53.8511,2598.0,marabou,MNIST_P23_N17 N17 0.008,True,1,1
2482,,mnist,0.002,N26,MNIST_P0_N26,unsat,10.9698,2482.0,marabou,MNIST_P0_N26 N26 0.002,True,1,1
12305,,mnist,0.008,N17,MNIST_P32_N17,unsat,53.8348,3505.0,marabou,MNIST_P32_N17 N17 0.008,True,1,1
1720,,mnist,0.002,N17,MNIST_P25_N17,unsat,53.7561,1720.0,marabou,MNIST_P25_N17 N17 0.002,True,1,1
11439,,mnist,0.008,N17,MNIST_P81_N17,unsat,54.8373,2639.0,marabou,MNIST_P81_N17 N17 0.008,True,1,1
1729,,mnist,0.002,N3,MNIST_P85_N3,unsat,46.3,1729.0,marabou,MNIST_P85_N3 N3 0.002,True,1,1
11397,,mnist,0.005,N17,MNIST_P9_N17,unsat,54.2415,2597.0,marabou,MNIST_P9_N17 N17 0.005,True,1,1
1749,,mnist,0.002,N17,MNIST_P41_N17,unsat,52.8192,1749.0,marabou,MNIST_P41_N17 N17 0.002,True,1,1
1772,,mnist,0.002,N17,MNIST_P16_N17,unsat,51.9748,1772.0,marabou,MNIST_P16_N17 N17 0.002,True,1,1
8670,,mnist,0.004,N17,MNIST_P2_N17,unsat,54.5793,4270.0,marabou,MNIST_P2_N17 N17 0.004,True,1,1
1782,,mnist,0.002,N17,MNIST_P51_N17,unsat,55.0238,1782.0,marabou,MNIST_P51_N17 N17 0.002,True,1,1
11521,,mnist,0.008,N17,MNIST_P71_N17,unsat,54.9461,2721.0,marabou,MNIST_P71_N17 N17 0.008,True,1,1
12289,,mnist,0.008,N17,MNIST_P52_N17,unsat,55.1397,3489.0,marabou,MNIST_P52_N17 N17 0.008,True,1,1
11526,,mnist,0.008,N17,MNIST_P64_N17,unsat,54.5757,2726.0,marabou,MNIST_P64_N17 N17 0.008,True,1,1
2416,,mnist,0.002,N26,MNIST_P8_N26,unsat,10.6523,2416.0,marabou,MNIST_P8_N26 N26 0.002,True,1,1
11533,,mnist,0.008,N17,MNIST_P46_N17,unsat,54.0331,2733.0,marabou,MNIST_P46_N17 N17 0.008,True,1,1
1844,,mnist,0.002,N26,MNIST_P99_N26,unsat,10.2158,1844.0,marabou,MNIST_P99_N26 N26 0.002,True,1,1
12257,,mnist,0.008,N26,MNIST_P32_N26,unsat,10.9135,3457.0,marabou,MNIST_P32_N26 N26 0.008,True,1,1
2483,,mnist,0.002,N26,MNIST_P72_N26,unsat,11.033,2483.0,marabou,MNIST_P72_N26 N26 0.002,True,1,1
1692,,mnist,0.002,N26,MNIST_P70_N26,unsat,10.443,1692.0,marabou,MNIST_P70_N26 N26 0.002,True,1,1
1647,,mnist,0.002,N17,MNIST_P27_N17,unsat,53.0538,1647.0,marabou,MNIST_P27_N17 N17 0.002,True,1,1
11386,,mnist,0.008,N17,MNIST_P13_N17,unsat,54.2607,2586.0,marabou,MNIST_P13_N17 N17 0.008,True,1,1
1560,,mnist,0.002,N26,MNIST_P5_N26,unsat,10.4476,1560.0,marabou,MNIST_P5_N26 N26 0.002,True,1,1
11210,,mnist,0.008,N17,MNIST_P30_N17,unsat,54.5559,2410.0,marabou,MNIST_P30_N17 N17 0.008,True,1,1
2565,,mnist,0.002,N26,MNIST_P23_N26,unsat,10.8812,2565.0,marabou,MNIST_P23_N26 N26 0.002,True,1,1
11214,,mnist,0.008,N17,MNIST_P44_N17,unsat,53.793,2414.0,marabou,MNIST_P44_N17 N17 0.008,True,1,1
1577,,mnist,0.002,N17,MNIST_P12_N17,unsat,53.17,1577.0,marabou,MNIST_P12_N17 N17 0.002,True,1,1
11234,,mnist,0.008,N17,MNIST_P14_N17,unsat,54.2336,2434.0,marabou,MNIST_P14_N17 N17 0.008,True,1,1
8696,,mnist,0.004,N17,MNIST_P13_N17,unsat,54.4096,4296.0,marabou,MNIST_P13_N17 N17 0.004,True,1,1
1596,,mnist,0.002,N17,MNIST_P30_N17,unsat,54.4915,1596.0,marabou,MNIST_P30_N17 N17 0.002,True,1,1
11263,,mnist,0.008,N17,MNIST_P16_N17,unsat,54.5487,2463.0,marabou,MNIST_P16_N17 N17 0.008,True,1,1
1617,,mnist,0.002,N17,MNIST_P76_N17,unsat,52.3187,1617.0,marabou,MNIST_P76_N17 N17 0.002,True,1,1
12334,,mnist,0.008,N17,MNIST_P88_N17,unsat,55.6372,3534.0,marabou,MNIST_P88_N17 N17 0.008,True,1,1
1624,,mnist,0.002,N26,MNIST_P95_N26,unsat,10.7261,1624.0,marabou,MNIST_P95_N26 N26 0.002,True,1,1
11320,,mnist,0.008,N17,MNIST_P74_N17,unsat,54.6537,2520.0,marabou,MNIST_P74_N17 N17 0.008,True,1,1
26369,,mnist,0.012,N17,MNIST_P70_N17,unsat,56.1617,4369.0,marabou,MNIST_P70_N17 N17 0.012,True,1,1
11371,,mnist,0.005,N17,MNIST_P49_N17,unsat,54.0424,2571.0,marabou,MNIST_P49_N17 N17 0.005,True,1,1
1634,,mnist,0.002,N17,MNIST_P91_N17,unsat,53.404,1634.0,marabou,MNIST_P91_N17 N17 0.002,True,1,1
1646,,mnist,0.002,N26,MNIST_P46_N26,unsat,10.3708,1646.0,marabou,MNIST_P46_N26 N26 0.002,True,1,1
11550,,mnist,0.008,N17,MNIST_P72_N17,unsat,53.5506,2750.0,marabou,MNIST_P72_N17 N17 0.008,True,1,1
11466,,mnist,0.005,N17,MNIST_P0_N17,unsat,54.4378,2666.0,marabou,MNIST_P0_N17 N17 0.005,True,1,1
1861,,mnist,0.002,N26,MNIST_P37_N26,unsat,10.8783,1861.0,marabou,MNIST_P37_N26 N26 0.002,True,1,1
11577,,mnist,0.005,N17,MNIST_P24_N17,unsat,53.778,2777.0,marabou,MNIST_P24_N17 N17 0.005,True,1,1
11865,,mnist,0.008,N26,MNIST_P83_N26,unsat,10.4818,3065.0,marabou,MNIST_P83_N26 N26 0.008,True,1,1
11654,,mnist,0.005,N17,MNIST_P68_N17,unsat,55.3339,2854.0,marabou,MNIST_P68_N17 N17 0.005,True,1,1
11872,,mnist,0.008,N17,MNIST_P35_N17,unsat,54.6504,3072.0,marabou,MNIST_P35_N17 N17 0.008,True,1,1
2106,,mnist,0.002,N26,MNIST_P85_N26,unsat,11.5088,2106.0,marabou,MNIST_P85_N26 N26 0.002,True,1,1
11899,,mnist,0.008,N17,MNIST_P59_N17,unsat,54.0734,3099.0,marabou,MNIST_P59_N17 N17 0.008,True,1,1
11921,,mnist,0.008,N17,MNIST_P10_N17,unsat,53.9815,3121.0,marabou,MNIST_P10_N17 N17 0.008,True,1,1
11681,,mnist,0.005,N17,MNIST_P31_N17,unsat,55.1594,2881.0,marabou,MNIST_P31_N17 N17 0.005,True,1,1
2144,,mnist,0.002,N26,MNIST_P28_N26,unsat,10.5384,2144.0,marabou,MNIST_P28_N26 N26 0.002,True,1,1
11962,,mnist,0.008,N17,MNIST_P69_N17,unsat,54.868,3162.0,marabou,MNIST_P69_N17 N17 0.008,True,1,1
11712,,mnist,0.005,N26,MNIST_P60_N26,unsat,11.057,2912.0,marabou,MNIST_P60_N26 N26 0.005,True,1,1
2302,,mnist,0.002,N26,MNIST_P10_N26,unsat,10.6969,2302.0,marabou,MNIST_P10_N26 N26 0.002,True,1,1
2176,,mnist,0.002,N26,MNIST_P40_N26,unsat,10.4036,2176.0,marabou,MNIST_P40_N26 N26 0.002,True,1,1
11767,,mnist,0.005,N17,MNIST_P91_N17,unsat,54.4178,2967.0,marabou,MNIST_P91_N17 N17 0.005,True,1,1
2291,,mnist,0.002,N26,MNIST_P82_N26,unsat,12.274,2291.0,marabou,MNIST_P82_N26 N26 0.002,True,1,1
12130,,mnist,0.008,N17,MNIST_P94_N17,unsat,54.1091,3330.0,marabou,MNIST_P94_N17 N17 0.008,True,1,1
2279,,mnist,0.002,N26,MNIST_P27_N26,unsat,10.8117,2279.0,marabou,MNIST_P27_N26 N26 0.002,True,1,1
12078,,mnist,0.008,N17,MNIST_P29_N17,unsat,54.023,3278.0,marabou,MNIST_P29_N17 N17 0.008,True,1,1
11589,,mnist,0.005,N17,MNIST_P16_N17,unsat,53.895,2789.0,marabou,MNIST_P16_N17 N17 0.005,True,1,1
11804,,mnist,0.008,N17,MNIST_P75_N17,unsat,53.7893,3004.0,marabou,MNIST_P75_N17 N17 0.008,True,1,1
1869,,mnist,0.002,N3,MNIST_P28_N3,unsat,46.4174,1869.0,marabou,MNIST_P28_N3 N3 0.002,True,1,1
2041,,mnist,0.002,N26,MNIST_P31_N26,unsat,10.8257,2041.0,marabou,MNIST_P31_N26 N26 0.002,True,1,1
1870,,mnist,0.002,N17,MNIST_P32_N17,unsat,53.393,1870.0,marabou,MNIST_P32_N17 N17 0.002,True,1,1
2413,,mnist,0.002,N26,MNIST_P32_N26,unsat,10.5231,2413.0,marabou,MNIST_P32_N26 N26 0.002,True,1,1
11620,,mnist,0.008,N17,MNIST_P93_N17,unsat,54.0346,2820.0,marabou,MNIST_P93_N17 N17 0.008,True,1,1
1902,,mnist,0.002,N26,MNIST_P78_N26,unsat,10.3382,1902.0,marabou,MNIST_P78_N26 N26 0.002,True,1,1
11631,,mnist,0.008,N26,MNIST_P70_N26,unsat,10.7523,2831.0,marabou,MNIST_P70_N26 N26 0.008,True,1,1
1906,,mnist,0.002,N17,MNIST_P74_N17,unsat,53.6672,1906.0,marabou,MNIST_P74_N17 N17 0.002,True,1,1
1928,,mnist,0.002,N17,MNIST_P89_N17,unsat,54.7815,1928.0,marabou,MNIST_P89_N17 N17 0.002,True,1,1
1936,,mnist,0.002,N17,MNIST_P79_N17,unsat,53.7597,1936.0,marabou,MNIST_P79_N17 N17 0.002,True,1,1
11840,,mnist,0.005,N17,MNIST_P23_N17,unsat,54.9289,3040.0,marabou,MNIST_P23_N17 N17 0.005,True,1,1
2364,,mnist,0.002,N17,MNIST_P38_N17,unsat,53.5537,2364.0,marabou,MNIST_P38_N17 N17 0.002,True,1,1
1956,,mnist,0.002,N3,MNIST_P99_N3,unsat,46.8965,1956.0,marabou,MNIST_P99_N3 N3 0.002,True,1,1
11823,,mnist,0.005,N17,MNIST_P77_N17,unsat,53.6579,3023.0,marabou,MNIST_P77_N17 N17 0.005,True,1,1
11554,,mnist,0.005,N17,MNIST_P32_N17,unsat,54.0082,2754.0,marabou,MNIST_P32_N17 N17 0.005,True,1,1
11563,,mnist,0.005,N17,MNIST_P50_N17,unsat,54.0536,2763.0,marabou,MNIST_P50_N17 N17 0.005,True,1,1
2022,,mnist,0.002,N26,MNIST_P34_N26,unsat,10.4244,2022.0,marabou,MNIST_P34_N26 N26 0.002,True,1,1
11759,,mnist,0.008,N17,MNIST_P26_N17,unsat,54.209,2959.0,marabou,MNIST_P26_N17 N17 0.008,True,1,1
2039,,mnist,0.002,N26,MNIST_P24_N26,unsat,10.1883,2039.0,marabou,MNIST_P24_N26 N26 0.002,True,1,1
8673,,mnist,0.004,N17,MNIST_P80_N17,unsat,54.3951,4273.0,marabou,MNIST_P80_N17 N17 0.004,True,1,1
1557,,mnist,0.002,N17,MNIST_P66_N17,unsat,53.3378,1557.0,marabou,MNIST_P66_N17 N17 0.002,True,1,1
10238,,mnist,0.008,N17,MNIST_P1_N17,unsat,54.3806,1438.0,marabou,MNIST_P1_N17 N17 0.008,True,1,1
8242,,mnist,0.004,N17,MNIST_P45_N17,unsat,54.738,3842.0,marabou,MNIST_P45_N17 N17 0.004,True,1,1
10455,,mnist,0.008,N17,MNIST_P60_N17,unsat,54.8061,1655.0,marabou,MNIST_P60_N17 N17 0.008,True,1,1
2745,,mnist,0.002,N26,MNIST_P56_N26,unsat,10.429,2745.0,marabou,MNIST_P56_N26 N26 0.002,True,1,1
10464,,mnist,0.008,N17,MNIST_P83_N17,unsat,55.68,1664.0,marabou,MNIST_P83_N17 N17 0.008,True,1,1
12508,,mnist,0.008,N17,MNIST_P4_N17,unsat,54.718,3708.0,marabou,MNIST_P4_N17 N17 0.008,True,1,1
8207,,mnist,0.004,N17,MNIST_P12_N17,unsat,54.5926,3807.0,marabou,MNIST_P12_N17 N17 0.004,True,1,1
11156,,mnist,0.005,N17,MNIST_P46_N17,unsat,54.4066,2356.0,marabou,MNIST_P46_N17 N17 0.005,True,1,1
10504,,mnist,0.008,N17,MNIST_P98_N17,unsat,55.0072,1704.0,marabou,MNIST_P98_N17 N17 0.008,True,1,1
1210,,mnist,0.002,N17,MNIST_P28_N17,unsat,53.4872,1210.0,marabou,MNIST_P28_N17 N17 0.002,True,1,1
12494,,mnist,0.008,N17,MNIST_P50_N17,unsat,54.1988,3694.0,marabou,MNIST_P50_N17 N17 0.008,True,1,1
1555,,mnist,0.002,N26,MNIST_P63_N26,unsat,10.5546,1555.0,marabou,MNIST_P63_N26 N26 0.002,True,1,1
10539,,mnist,0.008,N17,MNIST_P51_N17,unsat,54.2059,1739.0,marabou,MNIST_P51_N17 N17 0.008,True,1,1
8255,,mnist,0.004,N26,MNIST_P28_N26,unsat,10.4119,3855.0,marabou,MNIST_P28_N26 N26 0.004,True,1,1
10542,,mnist,0.008,N17,MNIST_P53_N17,unsat,54.1872,1742.0,marabou,MNIST_P53_N17 N17 0.008,True,1,1
1229,,mnist,0.002,N26,MNIST_P16_N26,unsat,10.7308,1229.0,marabou,MNIST_P16_N26 N26 0.002,True,1,1
8282,,mnist,0.004,N17,MNIST_P70_N17,unsat,54.4633,3882.0,marabou,MNIST_P70_N17 N17 0.004,True,1,1
1254,,mnist,0.002,N17,MNIST_P70_N17,unsat,55.6287,1254.0,marabou,MNIST_P70_N17 N17 0.002,True,1,1
8289,,mnist,0.004,N26,MNIST_P26_N26,unsat,10.6667,3889.0,marabou,MNIST_P26_N26 N26 0.004,True,1,1
10583,,mnist,0.008,N17,MNIST_P84_N17,unsat,53.9867,1783.0,marabou,MNIST_P84_N17 N17 0.008,True,1,1
2747,,mnist,0.002,N17,MNIST_P8_N17,unsat,53.5275,2747.0,marabou,MNIST_P8_N17 N17 0.002,True,1,1
1121,,mnist,0.002,N26,MNIST_P19_N26,unsat,10.6492,1121.0,marabou,MNIST_P19_N26 N26 0.002,True,1,1
2753,,mnist,0.002,N17,MNIST_P44_N17,unsat,52.8981,2753.0,marabou,MNIST_P44_N17 N17 0.002,True,1,1
10414,,mnist,0.008,N17,MNIST_P40_N17,unsat,53.9599,1614.0,marabou,MNIST_P40_N17 N17 0.008,True,1,1
10239,,mnist,0.008,N17,MNIST_P2_N17,unsat,54.029,1439.0,marabou,MNIST_P2_N17 N17 0.008,True,1,1
1016,,mnist,0.002,N17,MNIST_P31_N17,unsat,52.6786,1016.0,marabou,MNIST_P31_N17 N17 0.002,True,1,1
2801,,mnist,0.002,N26,MNIST_P55_N26,unsat,10.6777,2801.0,marabou,MNIST_P55_N26 N26 0.002,True,1,1
10246,,mnist,0.008,N17,MNIST_P82_N17,unsat,53.58,1446.0,marabou,MNIST_P82_N17 N17 0.008,True,1,1
10256,,mnist,0.008,N17,MNIST_P12_N17,unsat,54.1716,1456.0,marabou,MNIST_P12_N17 N17 0.008,True,1,1
8029,,mnist,0.004,N17,MNIST_P51_N17,unsat,54.9417,3629.0,marabou,MNIST_P51_N17 N17 0.004,True,1,1
10274,,mnist,0.008,N17,MNIST_P49_N17,unsat,54.0721,1474.0,marabou,MNIST_P49_N17 N17 0.008,True,1,1
1049,,mnist,0.002,N17,MNIST_P1_N17,unsat,53.6674,1049.0,marabou,MNIST_P1_N17 N17 0.002,True,1,1
8049,,mnist,0.004,N17,MNIST_P34_N17,unsat,54.938,3649.0,marabou,MNIST_P34_N17 N17 0.004,True,1,1
10328,,mnist,0.008,N17,MNIST_P20_N17,unsat,53.8481,1528.0,marabou,MNIST_P20_N17 N17 0.008,True,1,1
8059,,mnist,0.004,N17,MNIST_P43_N17,unsat,53.3361,3659.0,marabou,MNIST_P43_N17 N17 0.004,True,1,1
11940,,mnist,0.005,N17,MNIST_P53_N17,unsat,55.0118,3140.0,marabou,MNIST_P53_N17 N17 0.005,True,1,1
8090,,mnist,0.004,N17,MNIST_P86_N17,unsat,55.6671,3690.0,marabou,MNIST_P86_N17 N17 0.004,True,1,1
10374,,mnist,0.008,N17,MNIST_P17_N17,unsat,54.5778,1574.0,marabou,MNIST_P17_N17 N17 0.008,True,1,1
10382,,mnist,0.008,N17,MNIST_P11_N17,unsat,55.2955,1582.0,marabou,MNIST_P11_N17 N17 0.008,True,1,1
2768,,mnist,0.002,N26,MNIST_P53_N26,unsat,10.5122,2768.0,marabou,MNIST_P53_N26 N26 0.002,True,1,1
1107,,mnist,0.002,N17,MNIST_P68_N17,unsat,54.2854,1107.0,marabou,MNIST_P68_N17 N17 0.002,True,1,1
10597,,mnist,0.008,N17,MNIST_P54_N17,unsat,54.1319,1797.0,marabou,MNIST_P54_N17 N17 0.008,True,1,1
11926,,mnist,0.005,N17,MNIST_P72_N17,unsat,54.2354,3126.0,marabou,MNIST_P72_N17 N17 0.005,True,1,1
11193,,mnist,0.005,N17,MNIST_P28_N17,unsat,54.2894,2393.0,marabou,MNIST_P28_N17 N17 0.005,True,1,1
8487,,mnist,0.004,N26,MNIST_P82_N26,unsat,10.5605,4087.0,marabou,MNIST_P82_N26 N26 0.004,True,1,1
1450,,mnist,0.002,N26,MNIST_P60_N26,unsat,10.3754,1450.0,marabou,MNIST_P60_N26 N26 0.002,True,1,1
8546,,mnist,0.004,N17,MNIST_P84_N17,unsat,56.4843,4146.0,marabou,MNIST_P84_N17 N17 0.004,True,1,1
10943,,mnist,0.008,N17,MNIST_P25_N17,unsat,54.7506,2143.0,marabou,MNIST_P25_N17 N17 0.008,True,1,1
8558,,mnist,0.004,N17,MNIST_P58_N17,unsat,54.6492,4158.0,marabou,MNIST_P58_N17 N17 0.004,True,1,1
10983,,mnist,0.008,N17,MNIST_P56_N17,unsat,54.6884,2183.0,marabou,MNIST_P56_N17 N17 0.008,True,1,1
11313,,mnist,0.005,N26,MNIST_P26_N26,unsat,10.7831,2513.0,marabou,MNIST_P26_N26 N26 0.005,True,1,1
1520,,mnist,0.002,N26,MNIST_P76_N26,unsat,10.4974,1520.0,marabou,MNIST_P76_N26 N26 0.002,True,1,1
11004,,mnist,0.008,N17,MNIST_P70_N17,unsat,54.1244,2204.0,marabou,MNIST_P70_N17 N17 0.008,True,1,1
8590,,mnist,0.004,N26,MNIST_P70_N26,unsat,10.2681,4190.0,marabou,MNIST_P70_N26 N26 0.004,True,1,1
11072,,mnist,0.008,N26,MNIST_P41_N26,unsat,10.6524,2272.0,marabou,MNIST_P41_N26 N26 0.008,True,1,1
8599,,mnist,0.004,N17,MNIST_P91_N17,unsat,54.2146,4199.0,marabou,MNIST_P91_N17 N17 0.004,True,1,1
8604,,mnist,0.004,N17,MNIST_P7_N17,unsat,54.6992,4204.0,marabou,MNIST_P7_N17 N17 0.004,True,1,1
1522,,mnist,0.002,N26,MNIST_P84_N26,unsat,10.7232,1522.0,marabou,MNIST_P84_N26 N26 0.002,True,1,1
8635,,mnist,0.004,N17,MNIST_P1_N17,unsat,55.4076,4235.0,marabou,MNIST_P1_N17 N17 0.004,True,1,1
11122,,mnist,0.008,N17,MNIST_P47_N17,unsat,54.3706,2322.0,marabou,MNIST_P47_N17 N17 0.008,True,1,1
2577,,mnist,0.002,N17,MNIST_P67_N17,unsat,52.3615,2577.0,marabou,MNIST_P67_N17 N17 0.002,True,1,1
2570,,mnist,0.002,N3,MNIST_P69_N3,unsat,45.4241,2570.0,marabou,MNIST_P69_N3 N3 0.002,True,1,1
8523,,mnist,0.004,N26,MNIST_P88_N26,unsat,10.7241,4123.0,marabou,MNIST_P88_N26 N26 0.004,True,1,1
1442,,mnist,0.002,N26,MNIST_P88_N26,unsat,10.5917,1442.0,marabou,MNIST_P88_N26 N26 0.002,True,1,1
2670,,mnist,0.002,N26,MNIST_P45_N26,unsat,10.6549,2670.0,marabou,MNIST_P45_N26 N26 0.002,True,1,1
8473,,mnist,0.004,N17,MNIST_P94_N17,unsat,53.9943,4073.0,marabou,MNIST_P94_N17 N17 0.004,True,1,1
2655,,mnist,0.002,N17,MNIST_P86_N17,unsat,52.9306,2655.0,marabou,MNIST_P86_N17 N17 0.002,True,1,1
1327,,mnist,0.002,N17,MNIST_P29_N17,unsat,53.5681,1327.0,marabou,MNIST_P29_N17 N17 0.002,True,1,1
1328,,mnist,0.002,N26,MNIST_P47_N26,unsat,10.3403,1328.0,marabou,MNIST_P47_N26 N26 0.002,True,1,1
1330,,mnist,0.002,N17,MNIST_P23_N17,unsat,52.9837,1330.0,marabou,MNIST_P23_N17 N17 0.002,True,1,1
1333,,mnist,0.002,N26,MNIST_P74_N26,unsat,10.8746,1333.0,marabou,MNIST_P74_N26 N26 0.002,True,1,1
8376,,mnist,0.004,N17,MNIST_P17_N17,unsat,54.5364,3976.0,marabou,MNIST_P17_N17 N17 0.004,True,1,1
11264,,mnist,0.005,N17,MNIST_P96_N17,unsat,53.7796,2464.0,marabou,MNIST_P96_N17 N17 0.005,True,1,1
1387,,mnist,0.002,N26,MNIST_P94_N26,unsat,10.8771,1387.0,marabou,MNIST_P94_N26 N26 0.002,True,1,1
8397,,mnist,0.004,N17,MNIST_P20_N17,unsat,54.0862,3997.0,marabou,MNIST_P20_N17 N17 0.004,True,1,1
1394,,mnist,0.002,N17,MNIST_P50_N17,unsat,53.8265,1394.0,marabou,MNIST_P50_N17 N17 0.002,True,1,1
2621,,mnist,0.002,N26,MNIST_P75_N26,unsat,10.8271,2621.0,marabou,MNIST_P75_N26 N26 0.002,True,1,1
10777,,mnist,0.008,N17,MNIST_P28_N17,unsat,54.3069,1977.0,marabou,MNIST_P28_N17 N17 0.008,True,1,1
10784,,mnist,0.008,N17,MNIST_P3_N17,unsat,53.769,1984.0,marabou,MNIST_P3_N17 N17 0.008,True,1,1
8434,,mnist,0.004,N17,MNIST_P56_N17,unsat,54.3952,4034.0,marabou,MNIST_P56_N17 N17 0.004,True,1,1
11306,,mnist,0.005,N17,MNIST_P89_N17,unsat,54.74,2506.0,marabou,MNIST_P89_N17 N17 0.005,True,1,1
8437,,mnist,0.004,N17,MNIST_P54_N17,unsat,54.5612,4037.0,marabou,MNIST_P54_N17 N17 0.004,True,1,1
2619,,mnist,0.002,N17,MNIST_P4_N17,unsat,54.2129,2619.0,marabou,MNIST_P4_N17 N17 0.002,True,1,1
174,,mnist,0.002,N17,MNIST_P35_N17,unsat,55.39,174.0,marabou,MNIST_P35_N17 N17 0.002,True,1,1
215,,mnist,0.002,N3,MNIST_P10_N3,unsat,48.4106,215.0,marabou,MNIST_P10_N3 N3 0.002,True,1,1
167,,mnist,0.002,N17,MNIST_P81_N17,unsat,59.1978,167.0,marabou,MNIST_P81_N17 N17 0.002,True,1,1
4784,,mnist,0.004,N17,MNIST_P31_N17,unsat,56.0718,384.0,marabou,MNIST_P31_N17 N17 0.004,True,1,1
9431,,mnist,0.005,N17,MNIST_P2_N17,unsat,55.4565,631.0,marabou,MNIST_P2_N17 N17 0.005,True,1,1
4021,,mnist,0.002,N26,MNIST_P61_N26,unsat,10.6143,4021.0,marabou,MNIST_P61_N26 N26 0.002,True,1,1
12463,,mnist,0.005,N17,MNIST_P59_N17,unsat,54.1101,3663.0,marabou,MNIST_P59_N17 N17 0.005,True,1,1
4831,,mnist,0.004,N17,MNIST_P71_N17,unsat,54.4781,431.0,marabou,MNIST_P71_N17 N17 0.004,True,1,1
4836,,mnist,0.004,N17,MNIST_P4_N17,unsat,53.8752,436.0,marabou,MNIST_P4_N17 N17 0.004,True,1,1
4842,,mnist,0.004,N17,MNIST_P55_N17,unsat,55.6008,442.0,marabou,MNIST_P55_N17 N17 0.004,True,1,1
4014,,mnist,0.002,N26,MNIST_P48_N26,unsat,10.7493,4014.0,marabou,MNIST_P48_N26 N26 0.002,True,1,1
9507,,mnist,0.005,N17,MNIST_P67_N17,unsat,54.8876,707.0,marabou,MNIST_P67_N17 N17 0.005,True,1,1
5934,,mnist,0.006,N17,MNIST_P70_N17,unsat,56.3064,1534.0,marabou,MNIST_P70_N17 N17 0.006,True,1,1
4863,,mnist,0.004,N17,MNIST_P74_N17,unsat,56.6722,463.0,marabou,MNIST_P74_N17 N17 0.004,True,1,1
9515,,mnist,0.005,N17,MNIST_P40_N17,unsat,55.96,715.0,marabou,MNIST_P40_N17 N17 0.005,True,1,1
3988,,mnist,0.002,N26,MNIST_P91_N26,unsat,10.5209,3988.0,marabou,MNIST_P91_N26 N26 0.002,True,1,1
4911,,mnist,0.004,N17,MNIST_P41_N17,unsat,54.5286,511.0,marabou,MNIST_P41_N17 N17 0.004,True,1,1
4915,,mnist,0.004,N26,MNIST_P53_N26,unsat,10.3258,515.0,marabou,MNIST_P53_N26 N26 0.004,True,1,1
6062,,mnist,0.006,N17,MNIST_P45_N17,unsat,54.7762,1662.0,marabou,MNIST_P45_N17 N17 0.006,True,1,1
4813,,mnist,0.004,N17,MNIST_P53_N17,unsat,54.2126,413.0,marabou,MNIST_P53_N17 N17 0.004,True,1,1
4050,,mnist,0.002,N3,MNIST_P97_N3,unsat,47.1464,4050.0,marabou,MNIST_P97_N3 N3 0.002,True,1,1
6071,,mnist,0.006,N17,MNIST_P81_N17,unsat,54.3934,1671.0,marabou,MNIST_P81_N17 N17 0.006,True,1,1
5734,,mnist,0.006,N17,MNIST_P14_N17,unsat,56.0313,1334.0,marabou,MNIST_P14_N17 N17 0.006,True,1,1
9264,,mnist,0.005,N17,MNIST_P13_N17,unsat,54.6665,464.0,marabou,MNIST_P13_N17 N17 0.005,True,1,1
12534,,mnist,0.005,N17,MNIST_P99_N17,unsat,54.7197,3734.0,marabou,MNIST_P99_N17 N17 0.005,True,1,1
4639,,mnist,0.004,N17,MNIST_P67_N17,unsat,55.1297,239.0,marabou,MNIST_P67_N17 N17 0.004,True,1,1
5583,,mnist,0.006,N17,MNIST_P77_N17,unsat,54.3348,1183.0,marabou,MNIST_P77_N17 N17 0.006,True,1,1
5600,,mnist,0.006,N17,MNIST_P46_N17,unsat,54.2907,1200.0,marabou,MNIST_P46_N17 N17 0.006,True,1,1
4119,,mnist,0.002,N17,MNIST_P77_N17,unsat,54.0408,4119.0,marabou,MNIST_P77_N17 N17 0.002,True,1,1
5620,,mnist,0.006,N17,MNIST_P28_N17,unsat,54.5238,1220.0,marabou,MNIST_P28_N17 N17 0.006,True,1,1
5633,,mnist,0.006,N17,MNIST_P10_N17,unsat,55.4734,1233.0,marabou,MNIST_P10_N17 N17 0.006,True,1,1
4673,,mnist,0.004,N17,MNIST_P49_N17,unsat,61.4604,273.0,marabou,MNIST_P49_N17 N17 0.004,True,1,1
4109,,mnist,0.002,N17,MNIST_P11_N17,unsat,53.2616,4109.0,marabou,MNIST_P11_N17 N17 0.002,True,1,1
5682,,mnist,0.006,N17,MNIST_P93_N17,unsat,55.5969,1282.0,marabou,MNIST_P93_N17 N17 0.006,True,1,1
4084,,mnist,0.002,N17,MNIST_P95_N17,unsat,52.4401,4084.0,marabou,MNIST_P95_N17 N17 0.002,True,1,1
4056,,mnist,0.002,N26,MNIST_P43_N26,unsat,10.5895,4056.0,marabou,MNIST_P43_N26 N26 0.002,True,1,1
4053,,mnist,0.002,N17,MNIST_P19_N17,unsat,55.0601,4053.0,marabou,MNIST_P19_N17 N17 0.002,True,1,1
4729,,mnist,0.004,N17,MNIST_P47_N17,unsat,61.2239,329.0,marabou,MNIST_P47_N17 N17 0.004,True,1,1
3982,,mnist,0.002,N17,MNIST_P80_N17,unsat,53.2498,3982.0,marabou,MNIST_P80_N17 N17 0.002,True,1,1
9580,,mnist,0.005,N17,MNIST_P86_N17,unsat,54.4172,780.0,marabou,MNIST_P86_N17 N17 0.005,True,1,1
5302,,mnist,0.004,N17,MNIST_P38_N17,unsat,54.595,902.0,marabou,MNIST_P38_N17 N17 0.004,True,1,1
9693,,mnist,0.005,N17,MNIST_P35_N17,unsat,54.2382,893.0,marabou,MNIST_P35_N17 N17 0.005,True,1,1
6293,,mnist,0.006,N26,MNIST_P0_N26,unsat,10.5909,1893.0,marabou,MNIST_P0_N26 N26 0.006,True,1,1
3833,,mnist,0.002,N17,MNIST_P24_N17,unsat,54.0762,3833.0,marabou,MNIST_P24_N17 N17 0.002,True,1,1
5172,,mnist,0.004,N17,MNIST_P40_N17,unsat,54.0353,772.0,marabou,MNIST_P40_N17 N17 0.004,True,1,1
4442,,mnist,0.006,N17,MNIST_P55_N17,unsat,58.7693,42.0,marabou,MNIST_P55_N17 N17 0.006,True,1,1
3831,,mnist,0.002,N17,MNIST_P26_N17,unsat,53.2207,3831.0,marabou,MNIST_P26_N17 N17 0.002,True,1,1
5186,,mnist,0.004,N17,MNIST_P33_N17,unsat,53.7962,786.0,marabou,MNIST_P33_N17 N17 0.004,True,1,1
5190,,mnist,0.004,N26,MNIST_P32_N26,unsat,10.6078,790.0,marabou,MNIST_P32_N26 N26 0.004,True,1,1
6377,,mnist,0.006,N17,MNIST_P4_N17,unsat,55.4386,1977.0,marabou,MNIST_P4_N17 N17 0.006,True,1,1
9728,,mnist,0.005,N17,MNIST_P48_N17,unsat,54.4133,928.0,marabou,MNIST_P48_N17 N17 0.005,True,1,1
12410,,mnist,0.005,N17,MNIST_P17_N17,unsat,54.2902,3610.0,marabou,MNIST_P17_N17 N17 0.005,True,1,1
6405,,mnist,0.006,N17,MNIST_P74_N17,unsat,55.1776,2005.0,marabou,MNIST_P74_N17 N17 0.006,True,1,1
12404,,mnist,0.005,N17,MNIST_P6_N17,unsat,54.2761,3604.0,marabou,MNIST_P6_N17 N17 0.005,True,1,1
3794,,mnist,0.002,N17,MNIST_P57_N17,unsat,53.7785,3794.0,marabou,MNIST_P57_N17 N17 0.002,True,1,1
9758,,mnist,0.005,N17,MNIST_P55_N17,unsat,54.0889,958.0,marabou,MNIST_P55_N17 N17 0.005,True,1,1
6429,,mnist,0.006,N26,MNIST_P68_N26,unsat,10.6584,2029.0,marabou,MNIST_P68_N26 N26 0.006,True,1,1
5125,,mnist,0.004,N17,MNIST_P9_N17,unsat,54.829,725.0,marabou,MNIST_P9_N17 N17 0.004,True,1,1
6269,,mnist,0.006,N17,MNIST_P91_N17,unsat,54.0429,1869.0,marabou,MNIST_P91_N17 N17 0.006,True,1,1
3957,,mnist,0.002,N3,MNIST_P1_N3,unsat,47.0005,3957.0,marabou,MNIST_P1_N3 N3 0.002,True,1,1
6258,,mnist,0.006,N26,MNIST_P41_N26,unsat,10.3506,1858.0,marabou,MNIST_P41_N26 N26 0.006,True,1,1
4988,,mnist,0.004,N17,MNIST_P32_N17,unsat,54.5349,588.0,marabou,MNIST_P32_N17 N17 0.004,True,1,1
2996,,mnist,0.01,N17,MNIST_P17_N17,unsat,54.0194,2996.0,marabou,MNIST_P17_N17 N17 0.01,True,1,1
3944,,mnist,0.002,N3,MNIST_P32_N3,unsat,45.6564,3944.0,marabou,MNIST_P32_N3 N3 0.002,True,1,1
4992,,mnist,0.004,N17,MNIST_P64_N17,unsat,54.9506,592.0,marabou,MNIST_P64_N17 N17 0.004,True,1,1
3928,,mnist,0.002,N26,MNIST_P64_N26,unsat,10.658,3928.0,marabou,MNIST_P64_N26 N26 0.002,True,1,1
3920,,mnist,0.002,N17,MNIST_P49_N17,unsat,53.192,3920.0,marabou,MNIST_P49_N17 N17 0.002,True,1,1
9603,,mnist,0.005,N17,MNIST_P15_N17,unsat,55.2352,803.0,marabou,MNIST_P15_N17 N17 0.005,True,1,1
3900,,mnist,0.002,N26,MNIST_P42_N26,unsat,10.6844,3900.0,marabou,MNIST_P42_N26 N26 0.002,True,1,1
5056,,mnist,0.004,N17,MNIST_P69_N17,unsat,54.9711,656.0,marabou,MNIST_P69_N17 N17 0.004,True,1,1
9652,,mnist,0.005,N17,MNIST_P64_N17,unsat,54.4164,852.0,marabou,MNIST_P64_N17 N17 0.005,True,1,1
9660,,mnist,0.005,N17,MNIST_P75_N17,unsat,55.675,860.0,marabou,MNIST_P75_N17 N17 0.005,True,1,1
3856,,mnist,0.002,N17,MNIST_P46_N17,unsat,56.6796,3856.0,marabou,MNIST_P46_N17 N17 0.002,True,1,1
6223,,mnist,0.006,N17,MNIST_P96_N17,unsat,54.5579,1823.0,marabou,MNIST_P96_N17 N17 0.006,True,1,1
3855,,mnist,0.002,N17,MNIST_P69_N17,unsat,54.8223,3855.0,marabou,MNIST_P69_N17 N17 0.002,True,1,1
3854,,mnist,0.002,N17,MNIST_P47_N17,unsat,54.1558,3854.0,marabou,MNIST_P47_N17 N17 0.002,True,1,1
5528,,mnist,0.006,N17,MNIST_P39_N17,unsat,56.9753,1128.0,marabou,MNIST_P39_N17 N17 0.006,True,1,1
4153,,mnist,0.002,N26,MNIST_P50_N26,unsat,10.6003,4153.0,marabou,MNIST_P50_N26 N26 0.002,True,1,1
4167,,mnist,0.002,N26,MNIST_P68_N26,unsat,10.6091,4167.0,marabou,MNIST_P68_N26 N26 0.002,True,1,1
4807,,mnist,0.006,N17,MNIST_P19_N17,unsat,54.4754,407.0,marabou,MNIST_P19_N17 N17 0.006,True,1,1
12777,,mnist,0.005,N17,MNIST_P58_N17,unsat,54.8109,3977.0,marabou,MNIST_P58_N17 N17 0.005,True,1,1
12772,,mnist,0.005,N17,MNIST_P80_N17,unsat,56.749,3972.0,marabou,MNIST_P80_N17 N17 0.005,True,1,1
4851,,mnist,0.006,N17,MNIST_P89_N17,unsat,54.1514,451.0,marabou,MNIST_P89_N17 N17 0.006,True,1,1
8842,,mnist,0.005,N17,MNIST_P85_N17,unsat,74.1887,42.0,marabou,MNIST_P85_N17 N17 0.005,True,1,1
4927,,mnist,0.006,N17,MNIST_P2_N17,unsat,55.7786,527.0,marabou,MNIST_P2_N17 N17 0.006,True,1,1
8907,,mnist,0.005,N26,MNIST_P32_N26,unsat,12.0791,107.0,marabou,MNIST_P32_N26 N26 0.005,True,1,1
12699,,mnist,0.005,N17,MNIST_P34_N17,unsat,54.0331,3899.0,marabou,MNIST_P34_N17 N17 0.005,True,1,1
12691,,mnist,0.005,N17,MNIST_P69_N17,unsat,54.2819,3891.0,marabou,MNIST_P69_N17 N17 0.005,True,1,1
5008,,mnist,0.006,N17,MNIST_P36_N17,unsat,55.1626,608.0,marabou,MNIST_P36_N17 N17 0.006,True,1,1
25374,,mnist,0.012,N17,MNIST_P32_N17,unsat,57.0058,3374.0,marabou,MNIST_P32_N17 N17 0.012,True,1,1
12686,,mnist,0.005,N17,MNIST_P38_N17,unsat,54.2454,3886.0,marabou,MNIST_P38_N17 N17 0.005,True,1,1
4381,,mnist,0.002,N17,MNIST_P84_N17,unsat,54.7592,4381.0,marabou,MNIST_P84_N17 N17 0.002,True,1,1
8947,,mnist,0.005,N17,MNIST_P70_N17,unsat,54.9473,147.0,marabou,MNIST_P70_N17 N17 0.005,True,1,1
12662,,mnist,0.005,N26,MNIST_P68_N26,unsat,12.4708,3862.0,marabou,MNIST_P68_N26 N26 0.005,True,1,1
4378,,mnist,0.002,N3,MNIST_P68_N3,unsat,45.6778,4378.0,marabou,MNIST_P68_N3 N3 0.002,True,1,1
12782,,mnist,0.005,N17,MNIST_P74_N17,unsat,54.0283,3982.0,marabou,MNIST_P74_N17 N17 0.005,True,1,1
12794,,mnist,0.005,N17,MNIST_P71_N17,unsat,54.977,3994.0,marabou,MNIST_P71_N17 N17 0.005,True,1,1
5487,,mnist,0.006,N26,MNIST_P13_N26,unsat,10.773,1087.0,marabou,MNIST_P13_N26 N26 0.006,True,1,1
4790,,mnist,0.006,N17,MNIST_P83_N17,unsat,55.1149,390.0,marabou,MNIST_P83_N17 N17 0.006,True,1,1
13115,,mnist,0.005,N17,MNIST_P39_N17,unsat,54.7168,4315.0,marabou,MNIST_P39_N17 N17 0.005,True,1,1
25080,,mnist,0.012,N17,MNIST_P88_N17,unsat,55.0982,3080.0,marabou,MNIST_P88_N17 N17 0.012,True,1,1
4481,,mnist,0.006,N17,MNIST_P80_N17,unsat,58.3815,81.0,marabou,MNIST_P80_N17 N17 0.006,True,1,1
4510,,mnist,0.006,N17,MNIST_P23_N17,unsat,57.0063,110.0,marabou,MNIST_P23_N17 N17 0.006,True,1,1
4531,,mnist,0.006,N17,MNIST_P51_N17,unsat,54.5082,131.0,marabou,MNIST_P51_N17 N17 0.006,True,1,1
4338,,mnist,0.01,N17,MNIST_P70_N17,unsat,54.8055,4338.0,marabou,MNIST_P70_N17 N17 0.01,True,1,1
13048,,mnist,0.005,N17,MNIST_P81_N17,unsat,54.2772,4248.0,marabou,MNIST_P81_N17 N17 0.005,True,1,1
13041,,mnist,0.005,N17,MNIST_P93_N17,unsat,54.1062,4241.0,marabou,MNIST_P93_N17 N17 0.005,True,1,1
4594,,mnist,0.006,N17,MNIST_P50_N17,unsat,55.102,194.0,marabou,MNIST_P50_N17 N17 0.006,True,1,1
4602,,mnist,0.006,N17,MNIST_P27_N17,unsat,54.0705,202.0,marabou,MNIST_P27_N17 N17 0.006,True,1,1
12974,,mnist,0.005,N17,MNIST_P76_N17,unsat,54.045,4174.0,marabou,MNIST_P76_N17 N17 0.005,True,1,1
4662,,mnist,0.006,N17,MNIST_P69_N17,unsat,54.8782,262.0,marabou,MNIST_P69_N17 N17 0.006,True,1,1
4727,,mnist,0.006,N17,MNIST_P52_N17,unsat,54.2015,327.0,marabou,MNIST_P52_N17 N17 0.006,True,1,1
4752,,mnist,0.006,N17,MNIST_P64_N17,unsat,54.0389,352.0,marabou,MNIST_P64_N17 N17 0.006,True,1,1
12853,,mnist,0.005,N17,MNIST_P94_N17,unsat,54.5794,4053.0,marabou,MNIST_P94_N17 N17 0.005,True,1,1
9005,,mnist,0.005,N17,MNIST_P44_N17,unsat,56.5308,205.0,marabou,MNIST_P44_N17 N17 0.005,True,1,1
9008,,mnist,0.005,N17,MNIST_P5_N17,unsat,56.1101,208.0,marabou,MNIST_P5_N17 N17 0.005,True,1,1
4352,,mnist,0.002,N17,MNIST_P10_N17,unsat,53.9023,4352.0,marabou,MNIST_P10_N17 N17 0.002,True,1,1
5150,,mnist,0.006,N17,MNIST_P67_N17,unsat,54.8728,750.0,marabou,MNIST_P67_N17 N17 0.006,True,1,1
4423,,mnist,0.004,N17,MNIST_P59_N17,unsat,108.2918,23.0,marabou,MNIST_P59_N17 N17 0.004,True,1,1
4424,,mnist,0.004,N17,MNIST_P25_N17,unsat,102.1737,24.0,marabou,MNIST_P25_N17 N17 0.004,True,1,1
4228,,mnist,0.002,N17,MNIST_P99_N17,unsat,52.744,4228.0,marabou,MNIST_P99_N17 N17 0.002,True,1,1
12613,,mnist,0.005,N26,MNIST_P83_N26,unsat,10.6002,3813.0,marabou,MNIST_P83_N26 N26 0.005,True,1,1
4190,,mnist,0.002,N3,MNIST_P27_N3,unsat,46.235,4190.0,marabou,MNIST_P27_N3 N3 0.002,True,1,1
5407,,mnist,0.006,N17,MNIST_P29_N17,unsat,55.5759,1007.0,marabou,MNIST_P29_N17 N17 0.006,True,1,1
5414,,mnist,0.006,N17,MNIST_P9_N17,unsat,54.864,1014.0,marabou,MNIST_P9_N17 N17 0.006,True,1,1
5420,,mnist,0.006,N17,MNIST_P98_N17,unsat,54.7039,1020.0,marabou,MNIST_P98_N17 N17 0.006,True,1,1
4184,,mnist,0.002,N17,MNIST_P17_N17,unsat,53.0876,4184.0,marabou,MNIST_P17_N17 N17 0.002,True,1,1
9219,,mnist,0.005,N17,MNIST_P27_N17,unsat,55.007,419.0,marabou,MNIST_P27_N17 N17 0.005,True,1,1
5453,,mnist,0.006,N17,MNIST_P49_N17,unsat,54.0939,1053.0,marabou,MNIST_P49_N17 N17 0.006,True,1,1
12550,,mnist,0.005,N17,MNIST_P54_N17,unsat,53.8836,3750.0,marabou,MNIST_P54_N17 N17 0.005,True,1,1
9233,,mnist,0.005,N17,MNIST_P90_N17,unsat,54.3451,433.0,marabou,MNIST_P90_N17 N17 0.005,True,1,1
5470,,mnist,0.006,N17,MNIST_P90_N17,unsat,54.2434,1070.0,marabou,MNIST_P90_N17 N17 0.006,True,1,1
5472,,mnist,0.006,N17,MNIST_P38_N17,unsat,53.8475,1072.0,marabou,MNIST_P38_N17 N17 0.006,True,1,1
3714,,mnist,0.01,N17,MNIST_P4_N17,unsat,53.593,3714.0,marabou,MNIST_P4_N17 N17 0.01,True,1,1
4405,,mnist,0.004,N17,MNIST_P27_N17,unsat,105.9561,5.0,marabou,MNIST_P27_N17 N17 0.004,True,1,1
3716,,mnist,0.01,N17,MNIST_P82_N17,unsat,54.3813,3716.0,marabou,MNIST_P82_N17 N17 0.01,True,1,1
5237,,mnist,0.006,N17,MNIST_P13_N17,unsat,54.347,837.0,marabou,MNIST_P13_N17 N17 0.006,True,1,1
4321,,mnist,0.002,N17,MNIST_P43_N17,unsat,53.1711,4321.0,marabou,MNIST_P43_N17 N17 0.002,True,1,1
4303,,mnist,0.002,N17,MNIST_P20_N17,unsat,53.7111,4303.0,marabou,MNIST_P20_N17 N17 0.002,True,1,1
9065,,mnist,0.005,N17,MNIST_P83_N17,unsat,54.7774,265.0,marabou,MNIST_P83_N17 N17 0.005,True,1,1
4286,,mnist,0.002,N3,MNIST_P82_N3,unsat,45.8605,4286.0,marabou,MNIST_P82_N3 N3 0.002,True,1,1
5195,,mnist,0.006,N17,MNIST_P94_N17,unsat,54.4374,795.0,marabou,MNIST_P94_N17 N17 0.006,True,1,1
4268,,mnist,0.002,N26,MNIST_P9_N26,unsat,10.925,4268.0,marabou,MNIST_P9_N26 N26 0.002,True,1,1
5245,,mnist,0.006,N17,MNIST_P54_N17,unsat,54.6743,845.0,marabou,MNIST_P54_N17 N17 0.006,True,1,1
5300,,mnist,0.006,N26,MNIST_P60_N26,unsat,10.3758,900.0,marabou,MNIST_P60_N26 N26 0.006,True,1,1
5248,,mnist,0.006,N17,MNIST_P85_N17,unsat,54.2086,848.0,marabou,MNIST_P85_N17 N17 0.006,True,1,1
3778,,mnist,0.01,N17,MNIST_P13_N17,unsat,54.8329,3778.0,marabou,MNIST_P13_N17 N17 0.01,True,1,1
9094,,mnist,0.005,N17,MNIST_P88_N17,unsat,55.5094,294.0,marabou,MNIST_P88_N17 N17 0.005,True,1,1
4239,,mnist,0.002,N17,MNIST_P83_N17,unsat,53.1861,4239.0,marabou,MNIST_P83_N17 N17 0.002,True,1,1
4234,,mnist,0.002,N3,MNIST_P47_N3,unsat,46.6733,4234.0,marabou,MNIST_P47_N3 N3 0.002,True,1,1
9118,,mnist,0.005,N17,MNIST_P10_N17,unsat,54.1372,318.0,marabou,MNIST_P10_N17 N17 0.005,True,1,1
9761,,mnist,0.005,N17,MNIST_P4_N17,unsat,54.8863,961.0,marabou,MNIST_P4_N17 N17 0.005,True,1,1
2266,,mnist,0.002,N26,MNIST_P11_N26,unsat,10.8312,2266.0,marabou,MNIST_P11_N26 N26 0.002,True,1,1
3788,,mnist,0.002,N26,MNIST_P3_N26,unsat,10.5455,3788.0,marabou,MNIST_P3_N26 N26 0.002,True,1,1
5876,,mnist,0.004,N17,MNIST_P39_N17,unsat,53.8404,1476.0,marabou,MNIST_P39_N17 N17 0.004,True,1,1
7502,,mnist,0.006,N17,MNIST_P31_N17,unsat,54.225,3102.0,marabou,MNIST_P31_N17 N17 0.006,True,1,1
13162,,mnist,0.008,N17,MNIST_P85_N17,unsat,54.8981,4362.0,marabou,MNIST_P85_N17 N17 0.008,True,1,1
2156,,mnist,0.01,N17,MNIST_P75_N17,unsat,54.3843,2156.0,marabou,MNIST_P75_N17 N17 0.01,True,1,1
12234,,mnist,0.005,N17,MNIST_P57_N17,unsat,55.6666,3434.0,marabou,MNIST_P57_N17 N17 0.005,True,1,1
3292,,mnist,0.002,N26,MNIST_P77_N26,unsat,11.5591,3292.0,marabou,MNIST_P77_N26 N26 0.002,True,1,1
7390,,mnist,0.006,N17,MNIST_P12_N17,unsat,54.12,2990.0,marabou,MNIST_P12_N17 N17 0.006,True,1,1
6461,,mnist,0.006,N17,MNIST_P25_N17,unsat,54.8616,2061.0,marabou,MNIST_P25_N17 N17 0.006,True,1,1
6208,,mnist,0.004,N17,MNIST_P44_N17,unsat,54.8095,1808.0,marabou,MNIST_P44_N17 N17 0.004,True,1,1
3353,,mnist,0.002,N17,MNIST_P63_N17,unsat,53.2897,3353.0,marabou,MNIST_P63_N17 N17 0.002,True,1,1
10264,,mnist,0.005,N17,MNIST_P20_N17,unsat,54.1248,1464.0,marabou,MNIST_P20_N17 N17 0.005,True,1,1
7349,,mnist,0.006,N17,MNIST_P5_N17,unsat,54.2297,2949.0,marabou,MNIST_P5_N17 N17 0.006,True,1,1
3362,,mnist,0.002,N17,MNIST_P71_N17,unsat,54.2715,3362.0,marabou,MNIST_P71_N17 N17 0.002,True,1,1
5880,,mnist,0.004,N17,MNIST_P28_N17,unsat,54.2597,1480.0,marabou,MNIST_P28_N17 N17 0.004,True,1,1
7333,,mnist,0.006,N17,MNIST_P84_N17,unsat,54.6379,2933.0,marabou,MNIST_P84_N17 N17 0.006,True,1,1
5795,,mnist,0.004,N26,MNIST_P60_N26,unsat,10.4681,1395.0,marabou,MNIST_P60_N26 N26 0.004,True,1,1
5936,,mnist,0.004,N17,MNIST_P97_N17,unsat,53.7177,1536.0,marabou,MNIST_P97_N17 N17 0.004,True,1,1
5785,,mnist,0.004,N17,MNIST_P0_N17,unsat,61.2601,1385.0,marabou,MNIST_P0_N17 N17 0.004,True,1,1
7306,,mnist,0.006,N17,MNIST_P17_N17,unsat,54.189,2906.0,marabou,MNIST_P17_N17 N17 0.006,True,1,1
5779,,mnist,0.004,N17,MNIST_P81_N17,unsat,55.0638,1379.0,marabou,MNIST_P81_N17 N17 0.004,True,1,1
5753,,mnist,0.004,N17,MNIST_P65_N17,unsat,54.0029,1353.0,marabou,MNIST_P65_N17 N17 0.004,True,1,1
3398,,mnist,0.002,N26,MNIST_P26_N26,unsat,10.5355,3398.0,marabou,MNIST_P26_N26 N26 0.002,True,1,1
5731,,mnist,0.004,N17,MNIST_P46_N17,unsat,54.2529,1331.0,marabou,MNIST_P46_N17 N17 0.004,True,1,1
7209,,mnist,0.006,N17,MNIST_P88_N17,unsat,56.3106,2809.0,marabou,MNIST_P88_N17 N17 0.006,True,1,1
5725,,mnist,0.004,N17,MNIST_P96_N17,unsat,54.2988,1325.0,marabou,MNIST_P96_N17 N17 0.004,True,1,1
7185,,mnist,0.006,N26,MNIST_P32_N26,unsat,10.5147,2785.0,marabou,MNIST_P32_N26 N26 0.006,True,1,1
3455,,mnist,0.002,N26,MNIST_P25_N26,unsat,10.8418,3455.0,marabou,MNIST_P25_N26 N26 0.002,True,1,1
7143,,mnist,0.006,N17,MNIST_P59_N17,unsat,54.5133,2743.0,marabou,MNIST_P59_N17 N17 0.006,True,1,1
10175,,mnist,0.005,N17,MNIST_P60_N17,unsat,54.8968,1375.0,marabou,MNIST_P60_N17 N17 0.005,True,1,1
6236,,mnist,0.004,N26,MNIST_P71_N26,unsat,10.5179,1836.0,marabou,MNIST_P71_N26 N26 0.004,True,1,1
3470,,mnist,0.002,N17,MNIST_P53_N17,unsat,53.4313,3470.0,marabou,MNIST_P53_N17 N17 0.002,True,1,1
7514,,mnist,0.006,N17,MNIST_P35_N17,unsat,54.692,3114.0,marabou,MNIST_P35_N17 N17 0.006,True,1,1
7912,,mnist,0.006,N17,MNIST_P40_N17,unsat,55.1647,3512.0,marabou,MNIST_P40_N17 N17 0.006,True,1,1
3488,,mnist,0.002,N17,MNIST_P15_N17,unsat,53.2173,3488.0,marabou,MNIST_P15_N17 N17 0.002,True,1,1
7808,,mnist,0.006,N17,MNIST_P57_N17,unsat,53.9757,3408.0,marabou,MNIST_P57_N17 N17 0.006,True,1,1
6125,,mnist,0.004,N17,MNIST_P21_N17,unsat,55.1649,1725.0,marabou,MNIST_P21_N17 N17 0.004,True,1,1
6150,,mnist,0.004,N17,MNIST_P50_N17,unsat,54.6367,1750.0,marabou,MNIST_P50_N17 N17 0.004,True,1,1
49,,mnist,0.002,N26,MNIST_P71_N26,unsat,19.8534,49.0,marabou,MNIST_P71_N26 N26 0.002,True,1,1
7784,,mnist,0.006,N17,MNIST_P30_N17,unsat,54.0014,3384.0,marabou,MNIST_P30_N17 N17 0.006,True,1,1
44,,mnist,0.002,N3,MNIST_P60_N3,unsat,71.8819,44.0,marabou,MNIST_P60_N3 N3 0.002,True,1,1
14,,mnist,0.002,N17,MNIST_P58_N17,unsat,103.9837,14.0,marabou,MNIST_P58_N17 N17 0.002,True,1,1
7760,,mnist,0.006,N17,MNIST_P24_N17,unsat,56.0333,3360.0,marabou,MNIST_P24_N17 N17 0.006,True,1,1
6114,,mnist,0.004,N17,MNIST_P83_N17,unsat,54.9994,1714.0,marabou,MNIST_P83_N17 N17 0.004,True,1,1
3128,,mnist,0.002,N17,MNIST_P9_N17,unsat,53.3111,3128.0,marabou,MNIST_P9_N17 N17 0.002,True,1,1
6089,,mnist,0.004,N17,MNIST_P76_N17,unsat,54.5759,1689.0,marabou,MNIST_P76_N17 N17 0.004,True,1,1
7751,,mnist,0.006,N17,MNIST_P3_N17,unsat,54.4451,3351.0,marabou,MNIST_P3_N17 N17 0.006,True,1,1
1941,,mnist,0.01,N17,MNIST_P88_N17,unsat,54.3781,1941.0,marabou,MNIST_P88_N17 N17 0.01,True,1,1
6078,,mnist,0.004,N17,MNIST_P89_N17,unsat,55.8002,1678.0,marabou,MNIST_P89_N17 N17 0.004,True,1,1
52,,mnist,0.002,N26,MNIST_P2_N26,unsat,18.5991,52.0,marabou,MNIST_P2_N26 N26 0.002,True,1,1
10446,,mnist,0.005,N17,MNIST_P30_N17,unsat,54.1908,1646.0,marabou,MNIST_P30_N17 N17 0.005,True,1,1
10358,,mnist,0.005,N17,MNIST_P95_N17,unsat,54.6042,1558.0,marabou,MNIST_P95_N17 N17 0.005,True,1,1
6167,,mnist,0.004,N17,MNIST_P60_N17,unsat,53.9463,1767.0,marabou,MNIST_P60_N17 N17 0.004,True,1,1
3185,,mnist,0.002,N17,MNIST_P3_N17,unsat,54.3272,3185.0,marabou,MNIST_P3_N17 N17 0.002,True,1,1
7668,,mnist,0.006,N26,MNIST_P70_N26,unsat,10.7363,3268.0,marabou,MNIST_P70_N26 N26 0.006,True,1,1
12185,,mnist,0.005,N26,MNIST_P13_N26,unsat,11.4895,3385.0,marabou,MNIST_P13_N26 N26 0.005,True,1,1
10418,,mnist,0.005,N17,MNIST_P19_N17,unsat,54.0899,1618.0,marabou,MNIST_P19_N17 N17 0.005,True,1,1
12118,,mnist,0.005,N17,MNIST_P3_N17,unsat,54.0464,3318.0,marabou,MNIST_P3_N17 N17 0.005,True,1,1
7576,,mnist,0.006,N17,MNIST_P21_N17,unsat,54.2276,3176.0,marabou,MNIST_P21_N17 N17 0.006,True,1,1
7569,,mnist,0.006,N17,MNIST_P47_N17,unsat,54.3713,3169.0,marabou,MNIST_P47_N17 N17 0.006,True,1,1
3264,,mnist,0.002,N17,MNIST_P42_N17,unsat,53.9123,3264.0,marabou,MNIST_P42_N17 N17 0.002,True,1,1
25814,,mnist,0.012,N17,MNIST_P34_N17,unsat,54.9992,3814.0,marabou,MNIST_P34_N17 N17 0.012,True,1,1
6186,,mnist,0.004,N17,MNIST_P11_N17,unsat,54.2096,1786.0,marabou,MNIST_P11_N17 N17 0.004,True,1,1
7546,,mnist,0.006,N17,MNIST_P75_N17,unsat,55.74,3146.0,marabou,MNIST_P75_N17 N17 0.006,True,1,1
10372,,mnist,0.005,N17,MNIST_P98_N17,unsat,53.7989,1572.0,marabou,MNIST_P98_N17 N17 0.005,True,1,1
13156,,mnist,0.008,N17,MNIST_P58_N17,unsat,53.681,4356.0,marabou,MNIST_P58_N17 N17 0.008,True,1,1
7109,,mnist,0.006,N17,MNIST_P79_N17,unsat,55.1758,2709.0,marabou,MNIST_P79_N17 N17 0.006,True,1,1
3453,,mnist,0.002,N26,MNIST_P80_N26,unsat,10.3875,3453.0,marabou,MNIST_P80_N26 N26 0.002,True,1,1
151,,mnist,0.002,N26,MNIST_P13_N26,unsat,11.4861,151.0,marabou,MNIST_P13_N26 N26 0.002,True,1,1
9967,,mnist,0.005,N26,MNIST_P41_N26,unsat,10.3,1167.0,marabou,MNIST_P41_N26 N26 0.005,True,1,1
6975,,mnist,0.006,N17,MNIST_P34_N17,unsat,54.3361,2575.0,marabou,MNIST_P34_N17 N17 0.006,True,1,1
3554,,mnist,0.002,N17,MNIST_P37_N17,unsat,52.4449,3554.0,marabou,MNIST_P37_N17 N17 0.002,True,1,1
2413,,mnist,0.01,N17,MNIST_P68_N17,unsat,54.497,2413.0,marabou,MNIST_P68_N17 N17 0.01,True,1,1
6939,,mnist,0.006,N17,MNIST_P16_N17,unsat,54.5174,2539.0,marabou,MNIST_P16_N17 N17 0.006,True,1,1
3558,,mnist,0.002,N26,MNIST_P52_N26,unsat,10.1246,3558.0,marabou,MNIST_P52_N26 N26 0.002,True,1,1
6910,,mnist,0.006,N17,MNIST_P82_N17,unsat,54.2821,2510.0,marabou,MNIST_P82_N17 N17 0.006,True,1,1
6287,,mnist,0.004,N17,MNIST_P23_N17,unsat,53.9144,1887.0,marabou,MNIST_P23_N17 N17 0.004,True,1,1
8060,,mnist,0.006,N17,MNIST_P68_N17,unsat,53.865,3660.0,marabou,MNIST_P68_N17 N17 0.006,True,1,1
3573,,mnist,0.002,N17,MNIST_P97_N17,unsat,52.596,3573.0,marabou,MNIST_P97_N17 N17 0.002,True,1,1
6882,,mnist,0.006,N17,MNIST_P58_N17,unsat,54.8983,2482.0,marabou,MNIST_P58_N17 N17 0.006,True,1,1
5595,,mnist,0.004,N17,MNIST_P14_N17,unsat,54.7527,1195.0,marabou,MNIST_P14_N17 N17 0.004,True,1,1
2318,,mnist,0.01,N17,MNIST_P59_N17,unsat,54.5719,2318.0,marabou,MNIST_P59_N17 N17 0.01,True,1,1
3603,,mnist,0.002,N17,MNIST_P98_N17,unsat,52.781,3603.0,marabou,MNIST_P98_N17 N17 0.002,True,1,1
23757,,mnist,0.012,N17,MNIST_P47_N17,unsat,60.3883,1757.0,marabou,MNIST_P47_N17 N17 0.012,True,1,1
3619,,mnist,0.002,N26,MNIST_P35_N26,unsat,10.2862,3619.0,marabou,MNIST_P35_N26 N26 0.002,True,1,1
9864,,mnist,0.005,N17,MNIST_P36_N17,unsat,61.1012,1064.0,marabou,MNIST_P36_N17 N17 0.005,True,1,1
5559,,mnist,0.004,N17,MNIST_P90_N17,unsat,53.8386,1159.0,marabou,MNIST_P90_N17 N17 0.004,True,1,1
3641,,mnist,0.002,N17,MNIST_P55_N17,unsat,53.1963,3641.0,marabou,MNIST_P55_N17 N17 0.002,True,1,1
3740,,mnist,0.002,N17,MNIST_P56_N17,unsat,54.4462,3740.0,marabou,MNIST_P56_N17 N17 0.002,True,1,1
6294,,mnist,0.004,N17,MNIST_P5_N17,unsat,55.1996,1894.0,marabou,MNIST_P5_N17 N17 0.004,True,1,1
6802,,mnist,0.006,N17,MNIST_P0_N17,unsat,54.0381,2402.0,marabou,MNIST_P0_N17 N17 0.006,True,1,1
3644,,mnist,0.002,N26,MNIST_P51_N26,unsat,10.6915,3644.0,marabou,MNIST_P51_N26 N26 0.002,True,1,1
6797,,mnist,0.006,N17,MNIST_P72_N17,unsat,53.7254,2397.0,marabou,MNIST_P72_N17 N17 0.006,True,1,1
9905,,mnist,0.005,N17,MNIST_P79_N17,unsat,53.768,1105.0,marabou,MNIST_P79_N17 N17 0.005,True,1,1
6295,,mnist,0.004,N26,MNIST_P0_N26,unsat,10.555,1895.0,marabou,MNIST_P0_N26 N26 0.004,True,1,1
2559,,mnist,0.01,N17,MNIST_P34_N17,unsat,54.2572,2559.0,marabou,MNIST_P34_N17 N17 0.01,True,1,1
3747,,mnist,0.002,N3,MNIST_P88_N3,unsat,46.7157,3747.0,marabou,MNIST_P88_N3 N3 0.002,True,1,1
12077,,mnist,0.005,N17,MNIST_P14_N17,unsat,54.2253,3277.0,marabou,MNIST_P14_N17 N17 0.005,True,1,1
10104,,mnist,0.005,N17,MNIST_P37_N17,unsat,54.5485,1304.0,marabou,MNIST_P37_N17 N17 0.005,True,1,1
5356,,mnist,0.004,N17,MNIST_P19_N17,unsat,54.2,956.0,marabou,MNIST_P19_N17 N17 0.004,True,1,1
3785,,mnist,0.002,N26,MNIST_P79_N26,unsat,10.4468,3785.0,marabou,MNIST_P79_N26 N26 0.002,True,1,1
13036,,mnist,0.008,N17,MNIST_P79_N17,unsat,54.5221,4236.0,marabou,MNIST_P79_N17 N17 0.008,True,1,1
3500,,mnist,0.002,N26,MNIST_P30_N26,unsat,10.5882,3500.0,marabou,MNIST_P30_N26 N26 0.002,True,1,1
5680,,mnist,0.004,N17,MNIST_P3_N17,unsat,54.9202,1280.0,marabou,MNIST_P3_N17 N17 0.004,True,1,1
10112,,mnist,0.005,N17,MNIST_P29_N17,unsat,54.5371,1312.0,marabou,MNIST_P29_N17 N17 0.005,True,1,1
8087,,mnist,0.006,N17,MNIST_P60_N17,unsat,54.2537,3687.0,marabou,MNIST_P60_N17 N17 0.006,True,1,1
6282,,mnist,0.004,N17,MNIST_P24_N17,unsat,54.0656,1882.0,marabou,MNIST_P24_N17 N17 0.004,True,1,1
7030,,mnist,0.006,N17,MNIST_P86_N17,unsat,54.4312,2630.0,marabou,MNIST_P86_N17 N17 0.006,True,1,1
7025,,mnist,0.006,N17,MNIST_P71_N17,unsat,56.1206,2625.0,marabou,MNIST_P71_N17 N17 0.006,True,1,1
6985,,mnist,0.006,N17,MNIST_P44_N17,unsat,54.5191,2585.0,marabou,MNIST_P44_N17 N17 0.006,True,1,1
153,,mnist,0.002,N26,MNIST_P81_N26,unsat,11.5913,153.0,marabou,MNIST_P81_N26 N26 0.002,True,1,1
12379,,mnist,0.005,N17,MNIST_P56_N17,unsat,58.7375,3579.0,marabou,MNIST_P56_N17 N17 0.005,True,1,1
9824,,mnist,0.005,N26,MNIST_P70_N26,unsat,12.1761,1024.0,marabou,MNIST_P70_N26 N26 0.005,True,1,1
6711,,mnist,0.006,N17,MNIST_P95_N17,unsat,55.8152,2311.0,marabou,MNIST_P95_N17 N17 0.006,True,1,1
5404,,mnist,0.004,N17,MNIST_P35_N17,unsat,54.1606,1004.0,marabou,MNIST_P35_N17 N17 0.004,True,1,1
3538,,mnist,0.002,N26,MNIST_P6_N26,unsat,12.0455,3538.0,marabou,MNIST_P6_N26 N26 0.002,True,1,1
3535,,mnist,0.002,N3,MNIST_P51_N3,unsat,46.4707,3535.0,marabou,MNIST_P51_N3 N3 0.002,True,1,1
6658,,mnist,0.006,N17,MNIST_P32_N17,unsat,54.1392,2258.0,marabou,MNIST_P32_N17 N17 0.006,True,1,1
3751,,mnist,0.002,N26,MNIST_P69_N26,unsat,10.6753,3751.0,marabou,MNIST_P69_N26 N26 0.002,True,1,1
3522,,mnist,0.002,N17,MNIST_P0_N17,unsat,52.9365,3522.0,marabou,MNIST_P0_N17 N17 0.002,True,1,1
3761,,mnist,0.002,N26,MNIST_P1_N26,unsat,10.7225,3761.0,marabou,MNIST_P1_N26 N26 0.002,True,1,1
9811,,mnist,0.005,N17,MNIST_P21_N17,unsat,56.9768,1011.0,marabou,MNIST_P21_N17 N17 0.005,True,1,1
