,0,Dataset,Epsilon,Image,Network,Result,TotalTime,Unnamed: 0,Unnamed: 0.1,Verifier,instance,score,solved,solved_bool
74,,,0.002,0.0,convMedGSIGMOID__PGDK_w_0.0078.onnx,unsat,8.538,3500.0,,eran,0.0 convMedGSIGMOID__PGDK_w_0.0078.onnx 0.002,1,1,True
8684,,,0.002,68.0,ffnnSIGMOID__PGDK_w_0.0313_6_500.onnx,unsat,0.281,2168.0,,eran,68.0 ffnnSIGMOID__PGDK_w_0.0313_6_500.onnx 0.002,1,1,True
8775,,,0.002,69.0,convMedGSIGMOID__PGDK_w_0.0078.onnx,unsat,0.226,3569.0,,eran,69.0 convMedGSIGMOID__PGDK_w_0.0078.onnx 0.002,1,1,True
8778,,,0.002,69.0,convMedGSIGMOID__PGDK_w_0.0313.onnx,unsat,0.219,469.0,,eran,69.0 convMedGSIGMOID__PGDK_w_0.0313.onnx 0.002,1,1,True
8781,,,0.002,69.0,convMedGSIGMOID__Point.onnx,unsat,0.224,569.0,,eran,69.0 convMedGSIGMOID__Point.onnx 0.002,1,1,True
8811,,,0.002,69.0,ffnnSIGMOID__PGDK_w_0.0078_6_500.onnx,unsat,0.599,3369.0,,eran,69.0 ffnnSIGMOID__PGDK_w_0.0078_6_500.onnx 0.002,1,1,True
8816,,,0.002,69.0,ffnnSIGMOID__PGDK_w_0.0313_6_500.onnx,unsat,0.655,2169.0,,eran,69.0 ffnnSIGMOID__PGDK_w_0.0313_6_500.onnx 0.002,1,1,True
8818,,,0.002,69.0,ffnnSIGMOID__Point_6_500.onnx,unsat,0.478,969.0,,eran,69.0 ffnnSIGMOID__Point_6_500.onnx 0.002,1,1,True
8907,,,0.002,7.0,convMedGSIGMOID__PGDK_w_0.0078.onnx,unsat,8.357,3507.0,,eran,7.0 convMedGSIGMOID__PGDK_w_0.0078.onnx 0.002,1,1,True
8910,,,0.002,7.0,convMedGSIGMOID__PGDK_w_0.0313.onnx,unsat,8.426,407.0,,eran,7.0 convMedGSIGMOID__PGDK_w_0.0313.onnx 0.002,1,1,True
8913,,,0.002,7.0,convMedGSIGMOID__Point.onnx,unsat,8.454,507.0,,eran,7.0 convMedGSIGMOID__Point.onnx 0.002,1,1,True
8944,,,0.002,7.0,ffnnSIGMOID__PGDK_w_0.0078_6_500.onnx,unsat,0.327,3307.0,,eran,7.0 ffnnSIGMOID__PGDK_w_0.0078_6_500.onnx 0.002,1,1,True
8947,,,0.002,7.0,ffnnSIGMOID__PGDK_w_0.0313_6_500.onnx,unsat,0.265,2107.0,,eran,7.0 ffnnSIGMOID__PGDK_w_0.0313_6_500.onnx 0.002,1,1,True
8949,,,0.002,7.0,ffnnSIGMOID__Point_6_500.onnx,unsat,0.353,907.0,,eran,7.0 ffnnSIGMOID__Point_6_500.onnx 0.002,1,1,True
9039,,,0.002,70.0,convMedGSIGMOID__PGDK_w_0.0078.onnx,unsat,8.415,3570.0,,eran,70.0 convMedGSIGMOID__PGDK_w_0.0078.onnx 0.002,1,1,True
9044,,,0.002,70.0,convMedGSIGMOID__PGDK_w_0.0313.onnx,unsat,0.197,470.0,,eran,70.0 convMedGSIGMOID__PGDK_w_0.0313.onnx 0.002,1,1,True
9045,,,0.002,70.0,convMedGSIGMOID__Point.onnx,unsat,29.745,570.0,,eran,70.0 convMedGSIGMOID__Point.onnx 0.002,1,1,True
8685,,,0.002,68.0,ffnnSIGMOID__Point_6_500.onnx,unsat,59.487,968.0,,eran,68.0 ffnnSIGMOID__Point_6_500.onnx 0.002,1,1,True
8680,,,0.002,68.0,ffnnSIGMOID__PGDK_w_0.0078_6_500.onnx,unsat,0.351,3368.0,,eran,68.0 ffnnSIGMOID__PGDK_w_0.0078_6_500.onnx 0.002,1,1,True
9078,,,0.002,70.0,ffnnSIGMOID__PGDK_w_0.0313_6_500.onnx,unsat,0.34,2170.0,,eran,70.0 ffnnSIGMOID__PGDK_w_0.0313_6_500.onnx 0.002,1,1,True
8649,,,0.002,68.0,convMedGSIGMOID__Point.onnx,unsat,0.224,568.0,,eran,68.0 convMedGSIGMOID__Point.onnx 0.002,1,1,True
8289,,,0.002,65.0,ffnnSIGMOID__Point_6_500.onnx,unsat,0.295,965.0,,eran,65.0 ffnnSIGMOID__Point_6_500.onnx 0.002,1,1,True
8381,,,0.002,66.0,convMedGSIGMOID__PGDK_w_0.0078.onnx,unsat,8.486,3566.0,,eran,66.0 convMedGSIGMOID__PGDK_w_0.0078.onnx 0.002,1,1,True
8382,,,0.002,66.0,convMedGSIGMOID__PGDK_w_0.0313.onnx,unsat,8.409,466.0,,eran,66.0 convMedGSIGMOID__PGDK_w_0.0313.onnx 0.002,1,1,True
8385,,,0.002,66.0,convMedGSIGMOID__Point.onnx,unsat,8.518,566.0,,eran,66.0 convMedGSIGMOID__Point.onnx 0.002,1,1,True
8416,,,0.002,66.0,ffnnSIGMOID__PGDK_w_0.0078_6_500.onnx,unsat,0.234,3366.0,,eran,66.0 ffnnSIGMOID__PGDK_w_0.0078_6_500.onnx 0.002,1,1,True
8419,,,0.002,66.0,ffnnSIGMOID__PGDK_w_0.0313_6_500.onnx,unsat,0.213,2166.0,,eran,66.0 ffnnSIGMOID__PGDK_w_0.0313_6_500.onnx 0.002,1,1,True
8423,,,0.002,66.0,ffnnSIGMOID__Point_6_500.onnx,unsat,0.314,966.0,,eran,66.0 ffnnSIGMOID__Point_6_500.onnx 0.002,1,1,True
8511,,,0.002,67.0,convMedGSIGMOID__PGDK_w_0.0078.onnx,unsat,0.267,3567.0,,eran,67.0 convMedGSIGMOID__PGDK_w_0.0078.onnx 0.002,1,1,True
8515,,,0.002,67.0,convMedGSIGMOID__PGDK_w_0.0313.onnx,unsat,0.283,467.0,,eran,67.0 convMedGSIGMOID__PGDK_w_0.0313.onnx 0.002,1,1,True
8519,,,0.002,67.0,convMedGSIGMOID__Point.onnx,unsat,0.262,567.0,,eran,67.0 convMedGSIGMOID__Point.onnx 0.002,1,1,True
8549,,,0.002,67.0,ffnnSIGMOID__PGDK_w_0.0078_6_500.onnx,unsat,0.509,3367.0,,eran,67.0 ffnnSIGMOID__PGDK_w_0.0078_6_500.onnx 0.002,1,1,True
8552,,,0.002,67.0,ffnnSIGMOID__PGDK_w_0.0313_6_500.onnx,unsat,0.53,2167.0,,eran,67.0 ffnnSIGMOID__PGDK_w_0.0313_6_500.onnx 0.002,1,1,True
8555,,,0.002,67.0,ffnnSIGMOID__Point_6_500.onnx,unsat,0.57,967.0,,eran,67.0 ffnnSIGMOID__Point_6_500.onnx 0.002,1,1,True
8645,,,0.002,68.0,convMedGSIGMOID__PGDK_w_0.0078.onnx,unsat,0.211,3568.0,,eran,68.0 convMedGSIGMOID__PGDK_w_0.0078.onnx 0.002,1,1,True
8646,,,0.002,68.0,convMedGSIGMOID__PGDK_w_0.0313.onnx,unsat,0.212,468.0,,eran,68.0 convMedGSIGMOID__PGDK_w_0.0313.onnx 0.002,1,1,True
9075,,,0.002,70.0,ffnnSIGMOID__PGDK_w_0.0078_6_500.onnx,unsat,0.367,3370.0,,eran,70.0 ffnnSIGMOID__PGDK_w_0.0078_6_500.onnx 0.002,1,1,True
9083,,,0.002,70.0,ffnnSIGMOID__Point_6_500.onnx,unsat,59.288,970.0,,eran,70.0 ffnnSIGMOID__Point_6_500.onnx 0.002,1,1,True
75,,,0.002,0.0,convMedGSIGMOID__PGDK_w_0.0313.onnx,unsat,8.449,400.0,,eran,0.0 convMedGSIGMOID__PGDK_w_0.0313.onnx 0.002,1,1,True
9567,,,0.002,74.0,convMedGSIGMOID__PGDK_w_0.0078.onnx,unsat,8.567,3574.0,,eran,74.0 convMedGSIGMOID__PGDK_w_0.0078.onnx 0.002,1,1,True
9573,,,0.002,74.0,convMedGSIGMOID__Point.onnx,unsat,0.231,574.0,,eran,74.0 convMedGSIGMOID__Point.onnx 0.002,1,1,True
9605,,,0.002,74.0,ffnnSIGMOID__PGDK_w_0.0078_6_500.onnx,unsat,59.195,3374.0,,eran,74.0 ffnnSIGMOID__PGDK_w_0.0078_6_500.onnx 0.002,1,1,True
9608,,,0.002,74.0,ffnnSIGMOID__PGDK_w_0.0313_6_500.onnx,unsat,26.253,2174.0,,eran,74.0 ffnnSIGMOID__PGDK_w_0.0313_6_500.onnx 0.002,1,1,True
9611,,,0.002,74.0,ffnnSIGMOID__Point_6_500.onnx,unsat,0.843,974.0,,eran,74.0 ffnnSIGMOID__Point_6_500.onnx 0.002,1,1,True
9701,,,0.002,75.0,convMedGSIGMOID__PGDK_w_0.0078.onnx,unsat,30.029,3575.0,,eran,75.0 convMedGSIGMOID__PGDK_w_0.0078.onnx 0.002,1,1,True
9704,,,0.002,75.0,convMedGSIGMOID__PGDK_w_0.0313.onnx,unsat,8.352,475.0,,eran,75.0 convMedGSIGMOID__PGDK_w_0.0313.onnx 0.002,1,1,True
9705,,,0.002,75.0,convMedGSIGMOID__Point.onnx,unsat,0.215,575.0,,eran,75.0 convMedGSIGMOID__Point.onnx 0.002,1,1,True
9735,,,0.002,75.0,ffnnSIGMOID__PGDK_w_0.0078_6_500.onnx,unsat,0.199,3375.0,,eran,75.0 ffnnSIGMOID__PGDK_w_0.0078_6_500.onnx 0.002,1,1,True
9739,,,0.002,75.0,ffnnSIGMOID__PGDK_w_0.0313_6_500.onnx,unsat,0.133,2175.0,,eran,75.0 ffnnSIGMOID__PGDK_w_0.0313_6_500.onnx 0.002,1,1,True
9741,,,0.002,75.0,ffnnSIGMOID__Point_6_500.onnx,unsat,59.353,975.0,,eran,75.0 ffnnSIGMOID__Point_6_500.onnx 0.002,1,1,True
9833,,,0.002,76.0,convMedGSIGMOID__PGDK_w_0.0078.onnx,unsat,8.384,3576.0,,eran,76.0 convMedGSIGMOID__PGDK_w_0.0078.onnx 0.002,1,1,True
9836,,,0.002,76.0,convMedGSIGMOID__PGDK_w_0.0313.onnx,unsat,8.436,476.0,,eran,76.0 convMedGSIGMOID__PGDK_w_0.0313.onnx 0.002,1,1,True
9839,,,0.002,76.0,convMedGSIGMOID__Point.onnx,unsat,8.47,576.0,,eran,76.0 convMedGSIGMOID__Point.onnx 0.002,1,1,True
9867,,,0.002,76.0,ffnnSIGMOID__PGDK_w_0.0078_6_500.onnx,unsat,0.257,3376.0,,eran,76.0 ffnnSIGMOID__PGDK_w_0.0078_6_500.onnx 0.002,1,1,True
9870,,,0.002,76.0,ffnnSIGMOID__PGDK_w_0.0313_6_500.onnx,unsat,0.2,2176.0,,eran,76.0 ffnnSIGMOID__PGDK_w_0.0313_6_500.onnx 0.002,1,1,True
9571,,,0.002,74.0,convMedGSIGMOID__PGDK_w_0.0313.onnx,unsat,0.25,474.0,,eran,74.0 convMedGSIGMOID__PGDK_w_0.0313.onnx 0.002,1,1,True
9477,,,0.002,73.0,ffnnSIGMOID__Point_6_500.onnx,unsat,0.316,973.0,,eran,73.0 ffnnSIGMOID__Point_6_500.onnx 0.002,1,1,True
9172,,,0.002,71.0,convMedGSIGMOID__PGDK_w_0.0078.onnx,unsat,8.344,3571.0,,eran,71.0 convMedGSIGMOID__PGDK_w_0.0078.onnx 0.002,1,1,True
9474,,,0.002,73.0,ffnnSIGMOID__PGDK_w_0.0313_6_500.onnx,unsat,0.2,2173.0,,eran,73.0 ffnnSIGMOID__PGDK_w_0.0313_6_500.onnx 0.002,1,1,True
9175,,,0.002,71.0,convMedGSIGMOID__PGDK_w_0.0313.onnx,unsat,8.524,471.0,,eran,71.0 convMedGSIGMOID__PGDK_w_0.0313.onnx 0.002,1,1,True
9179,,,0.002,71.0,convMedGSIGMOID__Point.onnx,unsat,8.415,571.0,,eran,71.0 convMedGSIGMOID__Point.onnx 0.002,1,1,True
9209,,,0.002,71.0,ffnnSIGMOID__PGDK_w_0.0078_6_500.onnx,unsat,0.334,3371.0,,eran,71.0 ffnnSIGMOID__PGDK_w_0.0078_6_500.onnx 0.002,1,1,True
9212,,,0.002,71.0,ffnnSIGMOID__PGDK_w_0.0313_6_500.onnx,unsat,0.252,2171.0,,eran,71.0 ffnnSIGMOID__PGDK_w_0.0313_6_500.onnx 0.002,1,1,True
9215,,,0.002,71.0,ffnnSIGMOID__Point_6_500.onnx,unsat,0.412,971.0,,eran,71.0 ffnnSIGMOID__Point_6_500.onnx 0.002,1,1,True
9305,,,0.002,72.0,convMedGSIGMOID__PGDK_w_0.0078.onnx,unsat,8.507,3572.0,,eran,72.0 convMedGSIGMOID__PGDK_w_0.0078.onnx 0.002,1,1,True
9306,,,0.002,72.0,convMedGSIGMOID__PGDK_w_0.0313.onnx,unsat,8.428,472.0,,eran,72.0 convMedGSIGMOID__PGDK_w_0.0313.onnx 0.002,1,1,True
9310,,,0.002,72.0,convMedGSIGMOID__Point.onnx,unsat,8.498,572.0,,eran,72.0 convMedGSIGMOID__Point.onnx 0.002,1,1,True
9339,,,0.002,72.0,ffnnSIGMOID__PGDK_w_0.0078_6_500.onnx,unsat,0.422,3372.0,,eran,72.0 ffnnSIGMOID__PGDK_w_0.0078_6_500.onnx 0.002,1,1,True
9344,,,0.002,72.0,ffnnSIGMOID__PGDK_w_0.0313_6_500.onnx,unsat,0.403,2172.0,,eran,72.0 ffnnSIGMOID__PGDK_w_0.0313_6_500.onnx 0.002,1,1,True
9345,,,0.002,72.0,ffnnSIGMOID__Point_6_500.onnx,unsat,0.359,972.0,,eran,72.0 ffnnSIGMOID__Point_6_500.onnx 0.002,1,1,True
9436,,,0.002,73.0,convMedGSIGMOID__PGDK_w_0.0078.onnx,unsat,8.468,3573.0,,eran,73.0 convMedGSIGMOID__PGDK_w_0.0078.onnx 0.002,1,1,True
9440,,,0.002,73.0,convMedGSIGMOID__PGDK_w_0.0313.onnx,unsat,8.409,473.0,,eran,73.0 convMedGSIGMOID__PGDK_w_0.0313.onnx 0.002,1,1,True
9443,,,0.002,73.0,convMedGSIGMOID__Point.onnx,unsat,8.308,573.0,,eran,73.0 convMedGSIGMOID__Point.onnx 0.002,1,1,True
9472,,,0.002,73.0,ffnnSIGMOID__PGDK_w_0.0078_6_500.onnx,unsat,0.165,3373.0,,eran,73.0 ffnnSIGMOID__PGDK_w_0.0078_6_500.onnx 0.002,1,1,True
8288,,,0.002,65.0,ffnnSIGMOID__PGDK_w_0.0313_6_500.onnx,unsat,0.229,2165.0,,eran,65.0 ffnnSIGMOID__PGDK_w_0.0313_6_500.onnx 0.002,1,1,True
8283,,,0.002,65.0,ffnnSIGMOID__PGDK_w_0.0078_6_500.onnx,unsat,0.218,3365.0,,eran,65.0 ffnnSIGMOID__PGDK_w_0.0078_6_500.onnx 0.002,1,1,True
8255,,,0.002,65.0,convMedGSIGMOID__Point.onnx,unsat,8.379,565.0,,eran,65.0 convMedGSIGMOID__Point.onnx 0.002,1,1,True
7064,,,0.002,57.0,convMedGSIGMOID__PGDK_w_0.0313.onnx,unsat,0.218,457.0,,eran,57.0 convMedGSIGMOID__PGDK_w_0.0313.onnx 0.002,1,1,True
7097,,,0.002,57.0,ffnnSIGMOID__PGDK_w_0.0078_6_500.onnx,unsat,0.812,3357.0,,eran,57.0 ffnnSIGMOID__PGDK_w_0.0078_6_500.onnx 0.002,1,1,True
7100,,,0.002,57.0,ffnnSIGMOID__PGDK_w_0.0313_6_500.onnx,unsat,0.577,2157.0,,eran,57.0 ffnnSIGMOID__PGDK_w_0.0313_6_500.onnx 0.002,1,1,True
7102,,,0.002,57.0,ffnnSIGMOID__Point_6_500.onnx,unsat,0.752,957.0,,eran,57.0 ffnnSIGMOID__Point_6_500.onnx 0.002,1,1,True
7193,,,0.002,58.0,convMedGSIGMOID__PGDK_w_0.0078.onnx,unsat,0.202,3558.0,,eran,58.0 convMedGSIGMOID__PGDK_w_0.0078.onnx 0.002,1,1,True
7194,,,0.002,58.0,convMedGSIGMOID__PGDK_w_0.0313.onnx,unsat,0.201,458.0,,eran,58.0 convMedGSIGMOID__PGDK_w_0.0313.onnx 0.002,1,1,True
7199,,,0.002,58.0,convMedGSIGMOID__Point.onnx,unsat,0.2,558.0,,eran,58.0 convMedGSIGMOID__Point.onnx 0.002,1,1,True
7229,,,0.002,58.0,ffnnSIGMOID__PGDK_w_0.0078_6_500.onnx,unsat,0.158,3358.0,,eran,58.0 ffnnSIGMOID__PGDK_w_0.0078_6_500.onnx 0.002,1,1,True
7232,,,0.002,58.0,ffnnSIGMOID__PGDK_w_0.0313_6_500.onnx,unsat,0.142,2158.0,,eran,58.0 ffnnSIGMOID__PGDK_w_0.0313_6_500.onnx 0.002,1,1,True
7234,,,0.002,58.0,ffnnSIGMOID__Point_6_500.onnx,unsat,0.269,958.0,,eran,58.0 ffnnSIGMOID__Point_6_500.onnx 0.002,1,1,True
7323,,,0.002,59.0,convMedGSIGMOID__PGDK_w_0.0078.onnx,unsat,0.207,3559.0,,eran,59.0 convMedGSIGMOID__PGDK_w_0.0078.onnx 0.002,1,1,True
7328,,,0.002,59.0,convMedGSIGMOID__PGDK_w_0.0313.onnx,unsat,0.206,459.0,,eran,59.0 convMedGSIGMOID__PGDK_w_0.0313.onnx 0.002,1,1,True
7330,,,0.002,59.0,convMedGSIGMOID__Point.onnx,unsat,0.212,559.0,,eran,59.0 convMedGSIGMOID__Point.onnx 0.002,1,1,True
7359,,,0.002,59.0,ffnnSIGMOID__PGDK_w_0.0078_6_500.onnx,unsat,0.102,3359.0,,eran,59.0 ffnnSIGMOID__PGDK_w_0.0078_6_500.onnx 0.002,1,1,True
7362,,,0.002,59.0,ffnnSIGMOID__PGDK_w_0.0313_6_500.onnx,unsat,0.093,2159.0,,eran,59.0 ffnnSIGMOID__PGDK_w_0.0313_6_500.onnx 0.002,1,1,True
7366,,,0.002,59.0,ffnnSIGMOID__Point_6_500.onnx,unsat,0.137,959.0,,eran,59.0 ffnnSIGMOID__Point_6_500.onnx 0.002,1,1,True
7065,,,0.002,57.0,convMedGSIGMOID__Point.onnx,unsat,0.267,557.0,,eran,57.0 convMedGSIGMOID__Point.onnx 0.002,1,1,True
7061,,,0.002,57.0,convMedGSIGMOID__PGDK_w_0.0078.onnx,unsat,0.214,3557.0,,eran,57.0 convMedGSIGMOID__PGDK_w_0.0078.onnx 0.002,1,1,True
8252,,,0.002,65.0,convMedGSIGMOID__PGDK_w_0.0313.onnx,unsat,0.215,465.0,,eran,65.0 convMedGSIGMOID__PGDK_w_0.0313.onnx 0.002,1,1,True
6970,,,0.002,56.0,ffnnSIGMOID__Point_6_500.onnx,unsat,0.325,956.0,,eran,56.0 ffnnSIGMOID__Point_6_500.onnx 0.002,1,1,True
6669,,,0.002,54.0,convMedGSIGMOID__Point.onnx,unsat,8.443,554.0,,eran,54.0 convMedGSIGMOID__Point.onnx 0.002,1,1,True
6701,,,0.002,54.0,ffnnSIGMOID__PGDK_w_0.0078_6_500.onnx,unsat,26.273,3354.0,,eran,54.0 ffnnSIGMOID__PGDK_w_0.0078_6_500.onnx 0.002,1,1,True
6702,,,0.002,54.0,ffnnSIGMOID__PGDK_w_0.0313_6_500.onnx,unsat,0.598,2154.0,,eran,54.0 ffnnSIGMOID__PGDK_w_0.0313_6_500.onnx 0.002,1,1,True
6706,,,0.002,54.0,ffnnSIGMOID__Point_6_500.onnx,unsat,0.377,954.0,,eran,54.0 ffnnSIGMOID__Point_6_500.onnx 0.002,1,1,True
6795,,,0.002,55.0,convMedGSIGMOID__PGDK_w_0.0078.onnx,unsat,8.521,3555.0,,eran,55.0 convMedGSIGMOID__PGDK_w_0.0078.onnx 0.002,1,1,True
6798,,,0.002,55.0,convMedGSIGMOID__PGDK_w_0.0313.onnx,unsat,8.458,455.0,,eran,55.0 convMedGSIGMOID__PGDK_w_0.0313.onnx 0.002,1,1,True
6802,,,0.002,55.0,convMedGSIGMOID__Point.onnx,unsat,8.314,555.0,,eran,55.0 convMedGSIGMOID__Point.onnx 0.002,1,1,True
6832,,,0.002,55.0,ffnnSIGMOID__PGDK_w_0.0078_6_500.onnx,unsat,58.969,3355.0,,eran,55.0 ffnnSIGMOID__PGDK_w_0.0078_6_500.onnx 0.002,1,1,True
6834,,,0.002,55.0,ffnnSIGMOID__PGDK_w_0.0313_6_500.onnx,unsat,0.275,2155.0,,eran,55.0 ffnnSIGMOID__PGDK_w_0.0313_6_500.onnx 0.002,1,1,True
6838,,,0.002,55.0,ffnnSIGMOID__Point_6_500.onnx,unsat,0.337,955.0,,eran,55.0 ffnnSIGMOID__Point_6_500.onnx 0.002,1,1,True
6927,,,0.002,56.0,convMedGSIGMOID__PGDK_w_0.0078.onnx,unsat,0.23,3556.0,,eran,56.0 convMedGSIGMOID__PGDK_w_0.0078.onnx 0.002,1,1,True
6930,,,0.002,56.0,convMedGSIGMOID__PGDK_w_0.0313.onnx,unsat,0.241,456.0,,eran,56.0 convMedGSIGMOID__PGDK_w_0.0313.onnx 0.002,1,1,True
6933,,,0.002,56.0,convMedGSIGMOID__Point.onnx,unsat,30.027,556.0,,eran,56.0 convMedGSIGMOID__Point.onnx 0.002,1,1,True
6963,,,0.002,56.0,ffnnSIGMOID__PGDK_w_0.0078_6_500.onnx,unsat,0.267,3356.0,,eran,56.0 ffnnSIGMOID__PGDK_w_0.0078_6_500.onnx 0.002,1,1,True
6967,,,0.002,56.0,ffnnSIGMOID__PGDK_w_0.0313_6_500.onnx,unsat,0.195,2156.0,,eran,56.0 ffnnSIGMOID__PGDK_w_0.0313_6_500.onnx 0.002,1,1,True
7457,,,0.002,6.0,convMedGSIGMOID__PGDK_w_0.0078.onnx,unsat,8.485,3506.0,,eran,6.0 convMedGSIGMOID__PGDK_w_0.0078.onnx 0.002,1,1,True
7458,,,0.002,6.0,convMedGSIGMOID__PGDK_w_0.0313.onnx,unsat,8.405,406.0,,eran,6.0 convMedGSIGMOID__PGDK_w_0.0313.onnx 0.002,1,1,True
7463,,,0.002,6.0,convMedGSIGMOID__Point.onnx,unsat,8.428,506.0,,eran,6.0 convMedGSIGMOID__Point.onnx 0.002,1,1,True
7493,,,0.002,6.0,ffnnSIGMOID__PGDK_w_0.0078_6_500.onnx,unsat,0.667,3306.0,,eran,6.0 ffnnSIGMOID__PGDK_w_0.0078_6_500.onnx 0.002,1,1,True
7890,,,0.002,62.0,ffnnSIGMOID__PGDK_w_0.0313_6_500.onnx,unsat,0.539,2162.0,,eran,62.0 ffnnSIGMOID__PGDK_w_0.0313_6_500.onnx 0.002,1,1,True
7894,,,0.002,62.0,ffnnSIGMOID__Point_6_500.onnx,unsat,60.054,962.0,,eran,62.0 ffnnSIGMOID__Point_6_500.onnx 0.002,1,1,True
7984,,,0.002,63.0,convMedGSIGMOID__PGDK_w_0.0078.onnx,unsat,0.234,3563.0,,eran,63.0 convMedGSIGMOID__PGDK_w_0.0078.onnx 0.002,1,1,True
7986,,,0.002,63.0,convMedGSIGMOID__PGDK_w_0.0313.onnx,unsat,0.245,463.0,,eran,63.0 convMedGSIGMOID__PGDK_w_0.0313.onnx 0.002,1,1,True
7991,,,0.002,63.0,convMedGSIGMOID__Point.onnx,unsat,0.244,563.0,,eran,63.0 convMedGSIGMOID__Point.onnx 0.002,1,1,True
8021,,,0.002,63.0,ffnnSIGMOID__PGDK_w_0.0078_6_500.onnx,unsat,0.649,3363.0,,eran,63.0 ffnnSIGMOID__PGDK_w_0.0078_6_500.onnx 0.002,1,1,True
8022,,,0.002,63.0,ffnnSIGMOID__PGDK_w_0.0313_6_500.onnx,unsat,0.677,2163.0,,eran,63.0 ffnnSIGMOID__PGDK_w_0.0313_6_500.onnx 0.002,1,1,True
8027,,,0.002,63.0,ffnnSIGMOID__Point_6_500.onnx,unsat,0.511,963.0,,eran,63.0 ffnnSIGMOID__Point_6_500.onnx 0.002,1,1,True
8117,,,0.002,64.0,convMedGSIGMOID__PGDK_w_0.0078.onnx,unsat,8.474,3564.0,,eran,64.0 convMedGSIGMOID__PGDK_w_0.0078.onnx 0.002,1,1,True
8120,,,0.002,64.0,convMedGSIGMOID__PGDK_w_0.0313.onnx,unsat,8.402,464.0,,eran,64.0 convMedGSIGMOID__PGDK_w_0.0313.onnx 0.002,1,1,True
8121,,,0.002,64.0,convMedGSIGMOID__Point.onnx,unsat,8.498,564.0,,eran,64.0 convMedGSIGMOID__Point.onnx 0.002,1,1,True
8153,,,0.002,64.0,ffnnSIGMOID__PGDK_w_0.0078_6_500.onnx,unsat,0.135,3364.0,,eran,64.0 ffnnSIGMOID__PGDK_w_0.0078_6_500.onnx 0.002,1,1,True
8155,,,0.002,64.0,ffnnSIGMOID__PGDK_w_0.0313_6_500.onnx,unsat,0.114,2164.0,,eran,64.0 ffnnSIGMOID__PGDK_w_0.0313_6_500.onnx 0.002,1,1,True
8157,,,0.002,64.0,ffnnSIGMOID__Point_6_500.onnx,unsat,0.22,964.0,,eran,64.0 ffnnSIGMOID__Point_6_500.onnx 0.002,1,1,True
8247,,,0.002,65.0,convMedGSIGMOID__PGDK_w_0.0078.onnx,unsat,8.435,3565.0,,eran,65.0 convMedGSIGMOID__PGDK_w_0.0078.onnx 0.002,1,1,True
7887,,,0.002,62.0,ffnnSIGMOID__PGDK_w_0.0078_6_500.onnx,unsat,0.769,3362.0,,eran,62.0 ffnnSIGMOID__PGDK_w_0.0078_6_500.onnx 0.002,1,1,True
7857,,,0.002,62.0,convMedGSIGMOID__Point.onnx,unsat,8.447,562.0,,eran,62.0 convMedGSIGMOID__Point.onnx 0.002,1,1,True
7856,,,0.002,62.0,convMedGSIGMOID__PGDK_w_0.0313.onnx,unsat,0.248,462.0,,eran,62.0 convMedGSIGMOID__PGDK_w_0.0313.onnx 0.002,1,1,True
7628,,,0.002,60.0,ffnnSIGMOID__PGDK_w_0.0313_6_500.onnx,unsat,0.296,2160.0,,eran,60.0 ffnnSIGMOID__PGDK_w_0.0313_6_500.onnx 0.002,1,1,True
7494,,,0.002,6.0,ffnnSIGMOID__PGDK_w_0.0313_6_500.onnx,unsat,0.504,2106.0,,eran,6.0 ffnnSIGMOID__PGDK_w_0.0313_6_500.onnx 0.002,1,1,True
7498,,,0.002,6.0,ffnnSIGMOID__Point_6_500.onnx,unsat,0.525,906.0,,eran,6.0 ffnnSIGMOID__Point_6_500.onnx 0.002,1,1,True
7589,,,0.002,60.0,convMedGSIGMOID__PGDK_w_0.0078.onnx,unsat,8.337,3560.0,,eran,60.0 convMedGSIGMOID__PGDK_w_0.0078.onnx 0.002,1,1,True
7592,,,0.002,60.0,convMedGSIGMOID__PGDK_w_0.0313.onnx,unsat,0.199,460.0,,eran,60.0 convMedGSIGMOID__PGDK_w_0.0313.onnx 0.002,1,1,True
7594,,,0.002,60.0,convMedGSIGMOID__Point.onnx,unsat,8.608,560.0,,eran,60.0 convMedGSIGMOID__Point.onnx 0.002,1,1,True
7625,,,0.002,60.0,ffnnSIGMOID__PGDK_w_0.0078_6_500.onnx,unsat,0.343,3360.0,,eran,60.0 ffnnSIGMOID__PGDK_w_0.0078_6_500.onnx 0.002,1,1,True
7631,,,0.002,60.0,ffnnSIGMOID__Point_6_500.onnx,unsat,0.33,960.0,,eran,60.0 ffnnSIGMOID__Point_6_500.onnx 0.002,1,1,True
7851,,,0.002,62.0,convMedGSIGMOID__PGDK_w_0.0078.onnx,unsat,8.448,3562.0,,eran,62.0 convMedGSIGMOID__PGDK_w_0.0078.onnx 0.002,1,1,True
7720,,,0.002,61.0,convMedGSIGMOID__PGDK_w_0.0078.onnx,unsat,29.604,3561.0,,eran,61.0 convMedGSIGMOID__PGDK_w_0.0078.onnx 0.002,1,1,True
7723,,,0.002,61.0,convMedGSIGMOID__PGDK_w_0.0313.onnx,unsat,30.256,461.0,,eran,61.0 convMedGSIGMOID__PGDK_w_0.0313.onnx 0.002,1,1,True
7727,,,0.002,61.0,convMedGSIGMOID__Point.onnx,unsat,0.222,561.0,,eran,61.0 convMedGSIGMOID__Point.onnx 0.002,1,1,True
7755,,,0.002,61.0,ffnnSIGMOID__PGDK_w_0.0078_6_500.onnx,unsat,0.218,3361.0,,eran,61.0 ffnnSIGMOID__PGDK_w_0.0078_6_500.onnx 0.002,1,1,True
7759,,,0.002,61.0,ffnnSIGMOID__PGDK_w_0.0313_6_500.onnx,unsat,0.278,2161.0,,eran,61.0 ffnnSIGMOID__PGDK_w_0.0313_6_500.onnx 0.002,1,1,True
7762,,,0.002,61.0,ffnnSIGMOID__Point_6_500.onnx,unsat,0.427,961.0,,eran,61.0 ffnnSIGMOID__Point_6_500.onnx 0.002,1,1,True
9874,,,0.002,76.0,ffnnSIGMOID__Point_6_500.onnx,unsat,0.3,976.0,,eran,76.0 ffnnSIGMOID__Point_6_500.onnx 0.002,1,1,True
9964,,,0.002,77.0,convMedGSIGMOID__PGDK_w_0.0078.onnx,unsat,0.219,3577.0,,eran,77.0 convMedGSIGMOID__PGDK_w_0.0078.onnx 0.002,1,1,True
9968,,,0.002,77.0,convMedGSIGMOID__PGDK_w_0.0313.onnx,unsat,0.235,477.0,,eran,77.0 convMedGSIGMOID__PGDK_w_0.0313.onnx 0.002,1,1,True
11985,,,0.002,90.0,ffnnSIGMOID__Point_6_500.onnx,unsat,0.198,990.0,,eran,90.0 ffnnSIGMOID__Point_6_500.onnx 0.002,1,1,True
12080,,,0.002,91.0,convMedGSIGMOID__PGDK_w_0.0313.onnx,unsat,0.217,491.0,,eran,91.0 convMedGSIGMOID__PGDK_w_0.0313.onnx 0.002,1,1,True
12083,,,0.002,91.0,convMedGSIGMOID__Point.onnx,unsat,0.21,591.0,,eran,91.0 convMedGSIGMOID__Point.onnx 0.002,1,1,True
12113,,,0.002,91.0,ffnnSIGMOID__PGDK_w_0.0078_6_500.onnx,unsat,0.171,3391.0,,eran,91.0 ffnnSIGMOID__PGDK_w_0.0078_6_500.onnx 0.002,1,1,True
12114,,,0.002,91.0,ffnnSIGMOID__PGDK_w_0.0313_6_500.onnx,unsat,0.214,2191.0,,eran,91.0 ffnnSIGMOID__PGDK_w_0.0313_6_500.onnx 0.002,1,1,True
12117,,,0.002,91.0,ffnnSIGMOID__Point_6_500.onnx,unsat,0.331,991.0,,eran,91.0 ffnnSIGMOID__Point_6_500.onnx 0.002,1,1,True
12208,,,0.002,92.0,convMedGSIGMOID__PGDK_w_0.0078.onnx,unsat,8.487,3592.0,,eran,92.0 convMedGSIGMOID__PGDK_w_0.0078.onnx 0.002,1,1,True
12210,,,0.002,92.0,convMedGSIGMOID__PGDK_w_0.0313.onnx,unsat,8.371,492.0,,eran,92.0 convMedGSIGMOID__PGDK_w_0.0313.onnx 0.002,1,1,True
12213,,,0.002,92.0,convMedGSIGMOID__Point.onnx,unsat,8.488,592.0,,eran,92.0 convMedGSIGMOID__Point.onnx 0.002,1,1,True
12244,,,0.002,92.0,ffnnSIGMOID__PGDK_w_0.0078_6_500.onnx,unsat,0.748,3392.0,,eran,92.0 ffnnSIGMOID__PGDK_w_0.0078_6_500.onnx 0.002,1,1,True
12248,,,0.002,92.0,ffnnSIGMOID__PGDK_w_0.0313_6_500.onnx,unsat,0.821,2192.0,,eran,92.0 ffnnSIGMOID__PGDK_w_0.0313_6_500.onnx 0.002,1,1,True
12249,,,0.002,92.0,ffnnSIGMOID__Point_6_500.onnx,unsat,0.503,992.0,,eran,92.0 ffnnSIGMOID__Point_6_500.onnx 0.002,1,1,True
12339,,,0.002,93.0,convMedGSIGMOID__PGDK_w_0.0078.onnx,unsat,8.5,3593.0,,eran,93.0 convMedGSIGMOID__PGDK_w_0.0078.onnx 0.002,1,1,True
12343,,,0.002,93.0,convMedGSIGMOID__PGDK_w_0.0313.onnx,unsat,8.329,493.0,,eran,93.0 convMedGSIGMOID__PGDK_w_0.0313.onnx 0.002,1,1,True
12347,,,0.002,93.0,convMedGSIGMOID__Point.onnx,unsat,8.491,593.0,,eran,93.0 convMedGSIGMOID__Point.onnx 0.002,1,1,True
12377,,,0.002,93.0,ffnnSIGMOID__PGDK_w_0.0078_6_500.onnx,unsat,0.437,3393.0,,eran,93.0 ffnnSIGMOID__PGDK_w_0.0078_6_500.onnx 0.002,1,1,True
12075,,,0.002,91.0,convMedGSIGMOID__PGDK_w_0.0078.onnx,unsat,0.296,3591.0,,eran,91.0 convMedGSIGMOID__PGDK_w_0.0078.onnx 0.002,1,1,True
11983,,,0.002,90.0,ffnnSIGMOID__PGDK_w_0.0313_6_500.onnx,unsat,0.145,2190.0,,eran,90.0 ffnnSIGMOID__PGDK_w_0.0313_6_500.onnx 0.002,1,1,True
11587,,,0.002,88.0,ffnnSIGMOID__PGDK_w_0.0313_6_500.onnx,unsat,58.715,2188.0,,eran,88.0 ffnnSIGMOID__PGDK_w_0.0313_6_500.onnx 0.002,1,1,True
11981,,,0.002,90.0,ffnnSIGMOID__PGDK_w_0.0078_6_500.onnx,unsat,0.199,3390.0,,eran,90.0 ffnnSIGMOID__PGDK_w_0.0078_6_500.onnx 0.002,1,1,True
11680,,,0.002,89.0,convMedGSIGMOID__PGDK_w_0.0078.onnx,unsat,8.519,3589.0,,eran,89.0 convMedGSIGMOID__PGDK_w_0.0078.onnx 0.002,1,1,True
11683,,,0.002,89.0,convMedGSIGMOID__PGDK_w_0.0313.onnx,unsat,8.498,489.0,,eran,89.0 convMedGSIGMOID__PGDK_w_0.0313.onnx 0.002,1,1,True
11685,,,0.002,89.0,convMedGSIGMOID__Point.onnx,unsat,8.556,589.0,,eran,89.0 convMedGSIGMOID__Point.onnx 0.002,1,1,True
11717,,,0.002,89.0,ffnnSIGMOID__PGDK_w_0.0078_6_500.onnx,unsat,0.335,3389.0,,eran,89.0 ffnnSIGMOID__PGDK_w_0.0078_6_500.onnx 0.002,1,1,True
11720,,,0.002,89.0,ffnnSIGMOID__PGDK_w_0.0313_6_500.onnx,unsat,0.296,2189.0,,eran,89.0 ffnnSIGMOID__PGDK_w_0.0313_6_500.onnx 0.002,1,1,True
11722,,,0.002,89.0,ffnnSIGMOID__Point_6_500.onnx,unsat,0.289,989.0,,eran,89.0 ffnnSIGMOID__Point_6_500.onnx 0.002,1,1,True
11813,,,0.002,9.0,convMedGSIGMOID__PGDK_w_0.0078.onnx,unsat,8.39,3509.0,,eran,9.0 convMedGSIGMOID__PGDK_w_0.0078.onnx 0.002,1,1,True
11814,,,0.002,9.0,convMedGSIGMOID__PGDK_w_0.0313.onnx,unsat,8.403,409.0,,eran,9.0 convMedGSIGMOID__PGDK_w_0.0313.onnx 0.002,1,1,True
11817,,,0.002,9.0,convMedGSIGMOID__Point.onnx,unsat,8.529,509.0,,eran,9.0 convMedGSIGMOID__Point.onnx 0.002,1,1,True
11849,,,0.002,9.0,ffnnSIGMOID__PGDK_w_0.0078_6_500.onnx,unsat,0.594,3309.0,,eran,9.0 ffnnSIGMOID__PGDK_w_0.0078_6_500.onnx 0.002,1,1,True
11851,,,0.002,9.0,ffnnSIGMOID__PGDK_w_0.0313_6_500.onnx,unsat,0.539,2109.0,,eran,9.0 ffnnSIGMOID__PGDK_w_0.0313_6_500.onnx 0.002,1,1,True
11853,,,0.002,9.0,ffnnSIGMOID__Point_6_500.onnx,unsat,0.496,909.0,,eran,9.0 ffnnSIGMOID__Point_6_500.onnx 0.002,1,1,True
11944,,,0.002,90.0,convMedGSIGMOID__PGDK_w_0.0078.onnx,unsat,8.428,3590.0,,eran,90.0 convMedGSIGMOID__PGDK_w_0.0078.onnx 0.002,1,1,True
11947,,,0.002,90.0,convMedGSIGMOID__PGDK_w_0.0313.onnx,unsat,8.505,490.0,,eran,90.0 convMedGSIGMOID__PGDK_w_0.0313.onnx 0.002,1,1,True
11949,,,0.002,90.0,convMedGSIGMOID__Point.onnx,unsat,8.378,590.0,,eran,90.0 convMedGSIGMOID__Point.onnx 0.002,1,1,True
12378,,,0.002,93.0,ffnnSIGMOID__PGDK_w_0.0313_6_500.onnx,unsat,0.393,2193.0,,eran,93.0 ffnnSIGMOID__PGDK_w_0.0313_6_500.onnx 0.002,1,1,True
12381,,,0.002,93.0,ffnnSIGMOID__Point_6_500.onnx,unsat,0.361,993.0,,eran,93.0 ffnnSIGMOID__Point_6_500.onnx 0.002,1,1,True
12472,,,0.002,94.0,convMedGSIGMOID__PGDK_w_0.0078.onnx,unsat,8.445,3594.0,,eran,94.0 convMedGSIGMOID__PGDK_w_0.0078.onnx 0.002,1,1,True
12476,,,0.002,94.0,convMedGSIGMOID__PGDK_w_0.0313.onnx,unsat,0.203,494.0,,eran,94.0 convMedGSIGMOID__PGDK_w_0.0313.onnx 0.002,1,1,True
12873,,,0.002,97.0,convMedGSIGMOID__Point.onnx,unsat,8.468,597.0,,eran,97.0 convMedGSIGMOID__Point.onnx 0.002,1,1,True
12905,,,0.002,97.0,ffnnSIGMOID__PGDK_w_0.0078_6_500.onnx,unsat,0.099,3397.0,,eran,97.0 ffnnSIGMOID__PGDK_w_0.0078_6_500.onnx 0.002,1,1,True
12908,,,0.002,97.0,ffnnSIGMOID__PGDK_w_0.0313_6_500.onnx,unsat,0.087,2197.0,,eran,97.0 ffnnSIGMOID__PGDK_w_0.0313_6_500.onnx 0.002,1,1,True
12910,,,0.002,97.0,ffnnSIGMOID__Point_6_500.onnx,unsat,0.138,997.0,,eran,97.0 ffnnSIGMOID__Point_6_500.onnx 0.002,1,1,True
13001,,,0.002,98.0,convMedGSIGMOID__PGDK_w_0.0078.onnx,unsat,0.276,3598.0,,eran,98.0 convMedGSIGMOID__PGDK_w_0.0078.onnx 0.002,1,1,True
13002,,,0.002,98.0,convMedGSIGMOID__PGDK_w_0.0313.onnx,unsat,0.285,498.0,,eran,98.0 convMedGSIGMOID__PGDK_w_0.0313.onnx 0.002,1,1,True
13005,,,0.002,98.0,convMedGSIGMOID__Point.onnx,unsat,0.275,598.0,,eran,98.0 convMedGSIGMOID__Point.onnx 0.002,1,1,True
13037,,,0.002,98.0,ffnnSIGMOID__PGDK_w_0.0078_6_500.onnx,unsat,26.566,3398.0,,eran,98.0 ffnnSIGMOID__PGDK_w_0.0078_6_500.onnx 0.002,1,1,True
13040,,,0.002,98.0,ffnnSIGMOID__PGDK_w_0.0313_6_500.onnx,unsat,0.784,2198.0,,eran,98.0 ffnnSIGMOID__PGDK_w_0.0313_6_500.onnx 0.002,1,1,True
13041,,,0.002,98.0,ffnnSIGMOID__Point_6_500.onnx,unsat,0.816,998.0,,eran,98.0 ffnnSIGMOID__Point_6_500.onnx 0.002,1,1,True
13131,,,0.002,99.0,convMedGSIGMOID__PGDK_w_0.0078.onnx,unsat,8.625,3599.0,,eran,99.0 convMedGSIGMOID__PGDK_w_0.0078.onnx 0.002,1,1,True
13136,,,0.002,99.0,convMedGSIGMOID__PGDK_w_0.0313.onnx,unsat,8.492,499.0,,eran,99.0 convMedGSIGMOID__PGDK_w_0.0313.onnx 0.002,1,1,True
13137,,,0.002,99.0,convMedGSIGMOID__Point.onnx,unsat,8.491,599.0,,eran,99.0 convMedGSIGMOID__Point.onnx 0.002,1,1,True
13168,,,0.002,99.0,ffnnSIGMOID__PGDK_w_0.0078_6_500.onnx,unsat,0.75,3399.0,,eran,99.0 ffnnSIGMOID__PGDK_w_0.0078_6_500.onnx 0.002,1,1,True
13172,,,0.002,99.0,ffnnSIGMOID__PGDK_w_0.0313_6_500.onnx,unsat,0.743,2199.0,,eran,99.0 ffnnSIGMOID__PGDK_w_0.0313_6_500.onnx 0.002,1,1,True
12872,,,0.002,97.0,convMedGSIGMOID__PGDK_w_0.0313.onnx,unsat,8.407,497.0,,eran,97.0 convMedGSIGMOID__PGDK_w_0.0313.onnx 0.002,1,1,True
12869,,,0.002,97.0,convMedGSIGMOID__PGDK_w_0.0078.onnx,unsat,8.503,3597.0,,eran,97.0 convMedGSIGMOID__PGDK_w_0.0078.onnx 0.002,1,1,True
12777,,,0.002,96.0,ffnnSIGMOID__Point_6_500.onnx,unsat,0.191,996.0,,eran,96.0 ffnnSIGMOID__Point_6_500.onnx 0.002,1,1,True
12610,,,0.002,95.0,convMedGSIGMOID__Point.onnx,unsat,8.54,595.0,,eran,95.0 convMedGSIGMOID__Point.onnx 0.002,1,1,True
12477,,,0.002,94.0,convMedGSIGMOID__Point.onnx,unsat,8.468,594.0,,eran,94.0 convMedGSIGMOID__Point.onnx 0.002,1,1,True
12507,,,0.002,94.0,ffnnSIGMOID__PGDK_w_0.0078_6_500.onnx,unsat,0.26,3394.0,,eran,94.0 ffnnSIGMOID__PGDK_w_0.0078_6_500.onnx 0.002,1,1,True
12510,,,0.002,94.0,ffnnSIGMOID__PGDK_w_0.0313_6_500.onnx,unsat,0.227,2194.0,,eran,94.0 ffnnSIGMOID__PGDK_w_0.0313_6_500.onnx 0.002,1,1,True
12513,,,0.002,94.0,ffnnSIGMOID__Point_6_500.onnx,unsat,0.423,994.0,,eran,94.0 ffnnSIGMOID__Point_6_500.onnx 0.002,1,1,True
12603,,,0.002,95.0,convMedGSIGMOID__PGDK_w_0.0078.onnx,unsat,0.215,3595.0,,eran,95.0 convMedGSIGMOID__PGDK_w_0.0078.onnx 0.002,1,1,True
12606,,,0.002,95.0,convMedGSIGMOID__PGDK_w_0.0313.onnx,unsat,0.201,495.0,,eran,95.0 convMedGSIGMOID__PGDK_w_0.0313.onnx 0.002,1,1,True
12640,,,0.002,95.0,ffnnSIGMOID__PGDK_w_0.0078_6_500.onnx,unsat,0.121,3395.0,,eran,95.0 ffnnSIGMOID__PGDK_w_0.0078_6_500.onnx 0.002,1,1,True
12776,,,0.002,96.0,ffnnSIGMOID__PGDK_w_0.0313_6_500.onnx,unsat,0.097,2196.0,,eran,96.0 ffnnSIGMOID__PGDK_w_0.0313_6_500.onnx 0.002,1,1,True
12644,,,0.002,95.0,ffnnSIGMOID__PGDK_w_0.0313_6_500.onnx,unsat,0.081,2195.0,,eran,95.0 ffnnSIGMOID__PGDK_w_0.0313_6_500.onnx 0.002,1,1,True
12647,,,0.002,95.0,ffnnSIGMOID__Point_6_500.onnx,unsat,0.302,995.0,,eran,95.0 ffnnSIGMOID__Point_6_500.onnx 0.002,1,1,True
12735,,,0.002,96.0,convMedGSIGMOID__PGDK_w_0.0078.onnx,unsat,8.282,3596.0,,eran,96.0 convMedGSIGMOID__PGDK_w_0.0078.onnx 0.002,1,1,True
12739,,,0.002,96.0,convMedGSIGMOID__PGDK_w_0.0313.onnx,unsat,8.459,496.0,,eran,96.0 convMedGSIGMOID__PGDK_w_0.0313.onnx 0.002,1,1,True
12741,,,0.002,96.0,convMedGSIGMOID__Point.onnx,unsat,8.239,596.0,,eran,96.0 convMedGSIGMOID__Point.onnx 0.002,1,1,True
12773,,,0.002,96.0,ffnnSIGMOID__PGDK_w_0.0078_6_500.onnx,unsat,0.113,3396.0,,eran,96.0 ffnnSIGMOID__PGDK_w_0.0078_6_500.onnx 0.002,1,1,True
11589,,,0.002,88.0,ffnnSIGMOID__Point_6_500.onnx,unsat,59.606,988.0,,eran,88.0 ffnnSIGMOID__Point_6_500.onnx 0.002,1,1,True
11585,,,0.002,88.0,ffnnSIGMOID__PGDK_w_0.0078_6_500.onnx,unsat,26.687,3388.0,,eran,88.0 ffnnSIGMOID__PGDK_w_0.0078_6_500.onnx 0.002,1,1,True
9970,,,0.002,77.0,convMedGSIGMOID__Point.onnx,unsat,8.572,577.0,,eran,77.0 convMedGSIGMOID__Point.onnx 0.002,1,1,True
10367,,,0.002,8.0,convMedGSIGMOID__Point.onnx,unsat,0.211,508.0,,eran,8.0 convMedGSIGMOID__Point.onnx 0.002,1,1,True
10398,,,0.002,8.0,ffnnSIGMOID__PGDK_w_0.0313_6_500.onnx,unsat,0.223,2108.0,,eran,8.0 ffnnSIGMOID__PGDK_w_0.0313_6_500.onnx 0.002,1,1,True
10401,,,0.002,8.0,ffnnSIGMOID__Point_6_500.onnx,unsat,0.326,908.0,,eran,8.0 ffnnSIGMOID__Point_6_500.onnx 0.002,1,1,True
10493,,,0.002,80.0,convMedGSIGMOID__PGDK_w_0.0078.onnx,unsat,8.762,3580.0,,eran,80.0 convMedGSIGMOID__PGDK_w_0.0078.onnx 0.002,1,1,True
10495,,,0.002,80.0,convMedGSIGMOID__PGDK_w_0.0313.onnx,unsat,8.434,480.0,,eran,80.0 convMedGSIGMOID__PGDK_w_0.0313.onnx 0.002,1,1,True
10499,,,0.002,80.0,convMedGSIGMOID__Point.onnx,unsat,8.498,580.0,,eran,80.0 convMedGSIGMOID__Point.onnx 0.002,1,1,True
10527,,,0.002,80.0,ffnnSIGMOID__PGDK_w_0.0078_6_500.onnx,unsat,26.421,3380.0,,eran,80.0 ffnnSIGMOID__PGDK_w_0.0078_6_500.onnx 0.002,1,1,True
10532,,,0.002,80.0,ffnnSIGMOID__PGDK_w_0.0313_6_500.onnx,unsat,0.678,2180.0,,eran,80.0 ffnnSIGMOID__PGDK_w_0.0313_6_500.onnx 0.002,1,1,True
10535,,,0.002,80.0,ffnnSIGMOID__Point_6_500.onnx,unsat,59.896,980.0,,eran,80.0 ffnnSIGMOID__Point_6_500.onnx 0.002,1,1,True
10625,,,0.002,81.0,convMedGSIGMOID__PGDK_w_0.0078.onnx,unsat,8.461,3581.0,,eran,81.0 convMedGSIGMOID__PGDK_w_0.0078.onnx 0.002,1,1,True
10626,,,0.002,81.0,convMedGSIGMOID__PGDK_w_0.0313.onnx,unsat,8.357,481.0,,eran,81.0 convMedGSIGMOID__PGDK_w_0.0313.onnx 0.002,1,1,True
10630,,,0.002,81.0,convMedGSIGMOID__Point.onnx,unsat,8.428,581.0,,eran,81.0 convMedGSIGMOID__Point.onnx 0.002,1,1,True
10659,,,0.002,81.0,ffnnSIGMOID__PGDK_w_0.0078_6_500.onnx,unsat,0.691,3381.0,,eran,81.0 ffnnSIGMOID__PGDK_w_0.0078_6_500.onnx 0.002,1,1,True
10664,,,0.002,81.0,ffnnSIGMOID__PGDK_w_0.0313_6_500.onnx,unsat,0.64,2181.0,,eran,81.0 ffnnSIGMOID__PGDK_w_0.0313_6_500.onnx 0.002,1,1,True
10667,,,0.002,81.0,ffnnSIGMOID__Point_6_500.onnx,unsat,26.642,981.0,,eran,81.0 ffnnSIGMOID__Point_6_500.onnx 0.002,1,1,True
10755,,,0.002,82.0,convMedGSIGMOID__PGDK_w_0.0078.onnx,unsat,8.497,3582.0,,eran,82.0 convMedGSIGMOID__PGDK_w_0.0078.onnx 0.002,1,1,True
10397,,,0.002,8.0,ffnnSIGMOID__PGDK_w_0.0078_6_500.onnx,unsat,0.303,3308.0,,eran,8.0 ffnnSIGMOID__PGDK_w_0.0078_6_500.onnx 0.002,1,1,True
10362,,,0.002,8.0,convMedGSIGMOID__PGDK_w_0.0313.onnx,unsat,0.214,408.0,,eran,8.0 convMedGSIGMOID__PGDK_w_0.0313.onnx 0.002,1,1,True
11554,,,0.002,88.0,convMedGSIGMOID__Point.onnx,unsat,8.564,588.0,,eran,88.0 convMedGSIGMOID__Point.onnx 0.002,1,1,True
10360,,,0.002,8.0,convMedGSIGMOID__PGDK_w_0.0078.onnx,unsat,0.21,3508.0,,eran,8.0 convMedGSIGMOID__PGDK_w_0.0078.onnx 0.002,1,1,True
10001,,,0.002,77.0,ffnnSIGMOID__PGDK_w_0.0078_6_500.onnx,unsat,0.281,3377.0,,eran,77.0 ffnnSIGMOID__PGDK_w_0.0078_6_500.onnx 0.002,1,1,True
10004,,,0.002,77.0,ffnnSIGMOID__PGDK_w_0.0313_6_500.onnx,unsat,0.307,2177.0,,eran,77.0 ffnnSIGMOID__PGDK_w_0.0313_6_500.onnx 0.002,1,1,True
10005,,,0.002,77.0,ffnnSIGMOID__Point_6_500.onnx,unsat,0.403,977.0,,eran,77.0 ffnnSIGMOID__Point_6_500.onnx 0.002,1,1,True
10096,,,0.002,78.0,convMedGSIGMOID__PGDK_w_0.0078.onnx,unsat,8.499,3578.0,,eran,78.0 convMedGSIGMOID__PGDK_w_0.0078.onnx 0.002,1,1,True
10098,,,0.002,78.0,convMedGSIGMOID__PGDK_w_0.0313.onnx,unsat,8.53,478.0,,eran,78.0 convMedGSIGMOID__PGDK_w_0.0313.onnx 0.002,1,1,True
10101,,,0.002,78.0,convMedGSIGMOID__Point.onnx,unsat,8.444,578.0,,eran,78.0 convMedGSIGMOID__Point.onnx 0.002,1,1,True
10131,,,0.002,78.0,ffnnSIGMOID__PGDK_w_0.0078_6_500.onnx,unsat,0.476,3378.0,,eran,78.0 ffnnSIGMOID__PGDK_w_0.0078_6_500.onnx 0.002,1,1,True
10136,,,0.002,78.0,ffnnSIGMOID__PGDK_w_0.0313_6_500.onnx,unsat,0.324,2178.0,,eran,78.0 ffnnSIGMOID__PGDK_w_0.0313_6_500.onnx 0.002,1,1,True
10138,,,0.002,78.0,ffnnSIGMOID__Point_6_500.onnx,unsat,0.478,978.0,,eran,78.0 ffnnSIGMOID__Point_6_500.onnx 0.002,1,1,True
10229,,,0.002,79.0,convMedGSIGMOID__PGDK_w_0.0078.onnx,unsat,8.665,3579.0,,eran,79.0 convMedGSIGMOID__PGDK_w_0.0078.onnx 0.002,1,1,True
10230,,,0.002,79.0,convMedGSIGMOID__PGDK_w_0.0313.onnx,unsat,0.278,479.0,,eran,79.0 convMedGSIGMOID__PGDK_w_0.0313.onnx 0.002,1,1,True
10234,,,0.002,79.0,convMedGSIGMOID__Point.onnx,unsat,8.454,579.0,,eran,79.0 convMedGSIGMOID__Point.onnx 0.002,1,1,True
10265,,,0.002,79.0,ffnnSIGMOID__PGDK_w_0.0078_6_500.onnx,unsat,0.924,3379.0,,eran,79.0 ffnnSIGMOID__PGDK_w_0.0078_6_500.onnx 0.002,1,1,True
10268,,,0.002,79.0,ffnnSIGMOID__PGDK_w_0.0313_6_500.onnx,unsat,0.941,2179.0,,eran,79.0 ffnnSIGMOID__PGDK_w_0.0313_6_500.onnx 0.002,1,1,True
10270,,,0.002,79.0,ffnnSIGMOID__Point_6_500.onnx,unsat,0.724,979.0,,eran,79.0 ffnnSIGMOID__Point_6_500.onnx 0.002,1,1,True
10759,,,0.002,82.0,convMedGSIGMOID__PGDK_w_0.0313.onnx,unsat,8.463,482.0,,eran,82.0 convMedGSIGMOID__PGDK_w_0.0313.onnx 0.002,1,1,True
10761,,,0.002,82.0,convMedGSIGMOID__Point.onnx,unsat,8.382,582.0,,eran,82.0 convMedGSIGMOID__Point.onnx 0.002,1,1,True
10791,,,0.002,82.0,ffnnSIGMOID__PGDK_w_0.0078_6_500.onnx,unsat,0.265,3382.0,,eran,82.0 ffnnSIGMOID__PGDK_w_0.0078_6_500.onnx 0.002,1,1,True
10795,,,0.002,82.0,ffnnSIGMOID__PGDK_w_0.0313_6_500.onnx,unsat,0.186,2182.0,,eran,82.0 ffnnSIGMOID__PGDK_w_0.0313_6_500.onnx 0.002,1,1,True
11193,,,0.002,85.0,ffnnSIGMOID__Point_6_500.onnx,unsat,0.337,985.0,,eran,85.0 ffnnSIGMOID__Point_6_500.onnx 0.002,1,1,True
11284,,,0.002,86.0,convMedGSIGMOID__PGDK_w_0.0078.onnx,unsat,8.495,3586.0,,eran,86.0 convMedGSIGMOID__PGDK_w_0.0078.onnx 0.002,1,1,True
11288,,,0.002,86.0,convMedGSIGMOID__PGDK_w_0.0313.onnx,unsat,8.428,486.0,,eran,86.0 convMedGSIGMOID__PGDK_w_0.0313.onnx 0.002,1,1,True
11291,,,0.002,86.0,convMedGSIGMOID__Point.onnx,unsat,8.46,586.0,,eran,86.0 convMedGSIGMOID__Point.onnx 0.002,1,1,True
11319,,,0.002,86.0,ffnnSIGMOID__PGDK_w_0.0078_6_500.onnx,unsat,0.343,3386.0,,eran,86.0 ffnnSIGMOID__PGDK_w_0.0078_6_500.onnx 0.002,1,1,True
11322,,,0.002,86.0,ffnnSIGMOID__PGDK_w_0.0313_6_500.onnx,unsat,0.37,2186.0,,eran,86.0 ffnnSIGMOID__PGDK_w_0.0313_6_500.onnx 0.002,1,1,True
11327,,,0.002,86.0,ffnnSIGMOID__Point_6_500.onnx,unsat,0.374,986.0,,eran,86.0 ffnnSIGMOID__Point_6_500.onnx 0.002,1,1,True
11415,,,0.002,87.0,convMedGSIGMOID__PGDK_w_0.0078.onnx,unsat,0.223,3587.0,,eran,87.0 convMedGSIGMOID__PGDK_w_0.0078.onnx 0.002,1,1,True
11418,,,0.002,87.0,convMedGSIGMOID__PGDK_w_0.0313.onnx,unsat,0.282,487.0,,eran,87.0 convMedGSIGMOID__PGDK_w_0.0313.onnx 0.002,1,1,True
11422,,,0.002,87.0,convMedGSIGMOID__Point.onnx,unsat,0.222,587.0,,eran,87.0 convMedGSIGMOID__Point.onnx 0.002,1,1,True
11452,,,0.002,87.0,ffnnSIGMOID__PGDK_w_0.0078_6_500.onnx,unsat,0.936,3387.0,,eran,87.0 ffnnSIGMOID__PGDK_w_0.0078_6_500.onnx 0.002,1,1,True
11456,,,0.002,87.0,ffnnSIGMOID__PGDK_w_0.0313_6_500.onnx,unsat,0.942,2187.0,,eran,87.0 ffnnSIGMOID__PGDK_w_0.0313_6_500.onnx 0.002,1,1,True
11459,,,0.002,87.0,ffnnSIGMOID__Point_6_500.onnx,unsat,0.6,987.0,,eran,87.0 ffnnSIGMOID__Point_6_500.onnx 0.002,1,1,True
11547,,,0.002,88.0,convMedGSIGMOID__PGDK_w_0.0078.onnx,unsat,8.496,3588.0,,eran,88.0 convMedGSIGMOID__PGDK_w_0.0078.onnx 0.002,1,1,True
11551,,,0.002,88.0,convMedGSIGMOID__PGDK_w_0.0313.onnx,unsat,8.579,488.0,,eran,88.0 convMedGSIGMOID__PGDK_w_0.0313.onnx 0.002,1,1,True
11191,,,0.002,85.0,ffnnSIGMOID__PGDK_w_0.0313_6_500.onnx,unsat,0.467,2185.0,,eran,85.0 ffnnSIGMOID__PGDK_w_0.0313_6_500.onnx 0.002,1,1,True
11187,,,0.002,85.0,ffnnSIGMOID__PGDK_w_0.0078_6_500.onnx,unsat,0.439,3385.0,,eran,85.0 ffnnSIGMOID__PGDK_w_0.0078_6_500.onnx 0.002,1,1,True
11157,,,0.002,85.0,convMedGSIGMOID__Point.onnx,unsat,0.221,585.0,,eran,85.0 convMedGSIGMOID__Point.onnx 0.002,1,1,True
10929,,,0.002,83.0,ffnnSIGMOID__Point_6_500.onnx,unsat,59.852,983.0,,eran,83.0 ffnnSIGMOID__Point_6_500.onnx 0.002,1,1,True
10797,,,0.002,82.0,ffnnSIGMOID__Point_6_500.onnx,unsat,0.423,982.0,,eran,82.0 ffnnSIGMOID__Point_6_500.onnx 0.002,1,1,True
10887,,,0.002,83.0,convMedGSIGMOID__PGDK_w_0.0078.onnx,unsat,0.23,3583.0,,eran,83.0 convMedGSIGMOID__PGDK_w_0.0078.onnx 0.002,1,1,True
10890,,,0.002,83.0,convMedGSIGMOID__PGDK_w_0.0313.onnx,unsat,0.239,483.0,,eran,83.0 convMedGSIGMOID__PGDK_w_0.0313.onnx 0.002,1,1,True
10895,,,0.002,83.0,convMedGSIGMOID__Point.onnx,unsat,0.22,583.0,,eran,83.0 convMedGSIGMOID__Point.onnx 0.002,1,1,True
10923,,,0.002,83.0,ffnnSIGMOID__PGDK_w_0.0078_6_500.onnx,unsat,0.466,3383.0,,eran,83.0 ffnnSIGMOID__PGDK_w_0.0078_6_500.onnx 0.002,1,1,True
10926,,,0.002,83.0,ffnnSIGMOID__PGDK_w_0.0313_6_500.onnx,unsat,0.473,2183.0,,eran,83.0 ffnnSIGMOID__PGDK_w_0.0313_6_500.onnx 0.002,1,1,True
11019,,,0.002,84.0,convMedGSIGMOID__PGDK_w_0.0078.onnx,unsat,8.555,3584.0,,eran,84.0 convMedGSIGMOID__PGDK_w_0.0078.onnx 0.002,1,1,True
11154,,,0.002,85.0,convMedGSIGMOID__PGDK_w_0.0313.onnx,unsat,0.227,485.0,,eran,85.0 convMedGSIGMOID__PGDK_w_0.0313.onnx 0.002,1,1,True
11023,,,0.002,84.0,convMedGSIGMOID__PGDK_w_0.0313.onnx,unsat,8.539,484.0,,eran,84.0 convMedGSIGMOID__PGDK_w_0.0313.onnx 0.002,1,1,True
11027,,,0.002,84.0,convMedGSIGMOID__Point.onnx,unsat,8.359,584.0,,eran,84.0 convMedGSIGMOID__Point.onnx 0.002,1,1,True
11055,,,0.002,84.0,ffnnSIGMOID__PGDK_w_0.0078_6_500.onnx,unsat,0.732,3384.0,,eran,84.0 ffnnSIGMOID__PGDK_w_0.0078_6_500.onnx 0.002,1,1,True
11058,,,0.002,84.0,ffnnSIGMOID__PGDK_w_0.0313_6_500.onnx,unsat,0.651,2184.0,,eran,84.0 ffnnSIGMOID__PGDK_w_0.0313_6_500.onnx 0.002,1,1,True
11061,,,0.002,84.0,ffnnSIGMOID__Point_6_500.onnx,unsat,0.613,984.0,,eran,84.0 ffnnSIGMOID__Point_6_500.onnx 0.002,1,1,True
11152,,,0.002,85.0,convMedGSIGMOID__PGDK_w_0.0078.onnx,unsat,0.218,3585.0,,eran,85.0 convMedGSIGMOID__PGDK_w_0.0078.onnx 0.002,1,1,True
6666,,,0.002,54.0,convMedGSIGMOID__PGDK_w_0.0313.onnx,unsat,8.516,454.0,,eran,54.0 convMedGSIGMOID__PGDK_w_0.0313.onnx 0.002,1,1,True
6663,,,0.002,54.0,convMedGSIGMOID__PGDK_w_0.0078.onnx,unsat,8.604,3554.0,,eran,54.0 convMedGSIGMOID__PGDK_w_0.0078.onnx 0.002,1,1,True
6574,,,0.002,53.0,ffnnSIGMOID__Point_6_500.onnx,unsat,0.32,953.0,,eran,53.0 ffnnSIGMOID__Point_6_500.onnx 0.002,1,1,True
2087,,,0.002,22.0,ffnnSIGMOID__PGDK_w_0.0313_6_500.onnx,unsat,0.369,2122.0,,eran,22.0 ffnnSIGMOID__PGDK_w_0.0313_6_500.onnx 0.002,1,1,True
2180,,,0.002,23.0,convMedGSIGMOID__PGDK_w_0.0078.onnx,unsat,8.51,3523.0,,eran,23.0 convMedGSIGMOID__PGDK_w_0.0078.onnx 0.002,1,1,True
2181,,,0.002,23.0,convMedGSIGMOID__PGDK_w_0.0313.onnx,unsat,8.503,423.0,,eran,23.0 convMedGSIGMOID__PGDK_w_0.0313.onnx 0.002,1,1,True
2184,,,0.002,23.0,convMedGSIGMOID__Point.onnx,unsat,8.449,523.0,,eran,23.0 convMedGSIGMOID__Point.onnx 0.002,1,1,True
2216,,,0.002,23.0,ffnnSIGMOID__PGDK_w_0.0078_6_500.onnx,unsat,0.301,3323.0,,eran,23.0 ffnnSIGMOID__PGDK_w_0.0078_6_500.onnx 0.002,1,1,True
2218,,,0.002,23.0,ffnnSIGMOID__PGDK_w_0.0313_6_500.onnx,unsat,0.23,2123.0,,eran,23.0 ffnnSIGMOID__PGDK_w_0.0313_6_500.onnx 0.002,1,1,True
2221,,,0.002,23.0,ffnnSIGMOID__Point_6_500.onnx,unsat,0.428,923.0,,eran,23.0 ffnnSIGMOID__Point_6_500.onnx 0.002,1,1,True
2310,,,0.002,24.0,convMedGSIGMOID__PGDK_w_0.0078.onnx,unsat,0.209,3524.0,,eran,24.0 convMedGSIGMOID__PGDK_w_0.0078.onnx 0.002,1,1,True
2315,,,0.002,24.0,convMedGSIGMOID__PGDK_w_0.0313.onnx,unsat,0.215,424.0,,eran,24.0 convMedGSIGMOID__PGDK_w_0.0313.onnx 0.002,1,1,True
2318,,,0.002,24.0,convMedGSIGMOID__Point.onnx,unsat,0.223,524.0,,eran,24.0 convMedGSIGMOID__Point.onnx 0.002,1,1,True
2347,,,0.002,24.0,ffnnSIGMOID__PGDK_w_0.0078_6_500.onnx,unsat,0.296,3324.0,,eran,24.0 ffnnSIGMOID__PGDK_w_0.0078_6_500.onnx 0.002,1,1,True
2351,,,0.002,24.0,ffnnSIGMOID__PGDK_w_0.0313_6_500.onnx,unsat,0.274,2124.0,,eran,24.0 ffnnSIGMOID__PGDK_w_0.0313_6_500.onnx 0.002,1,1,True
2352,,,0.002,24.0,ffnnSIGMOID__Point_6_500.onnx,unsat,0.329,924.0,,eran,24.0 ffnnSIGMOID__Point_6_500.onnx 0.002,1,1,True
2442,,,0.002,25.0,convMedGSIGMOID__PGDK_w_0.0078.onnx,unsat,0.2,3525.0,,eran,25.0 convMedGSIGMOID__PGDK_w_0.0078.onnx 0.002,1,1,True
2446,,,0.002,25.0,convMedGSIGMOID__PGDK_w_0.0313.onnx,unsat,8.399,425.0,,eran,25.0 convMedGSIGMOID__PGDK_w_0.0313.onnx 0.002,1,1,True
2448,,,0.002,25.0,convMedGSIGMOID__Point.onnx,unsat,0.219,525.0,,eran,25.0 convMedGSIGMOID__Point.onnx 0.002,1,1,True
2088,,,0.002,22.0,ffnnSIGMOID__Point_6_500.onnx,unsat,0.47,922.0,,eran,22.0 ffnnSIGMOID__Point_6_500.onnx 0.002,1,1,True
2082,,,0.002,22.0,ffnnSIGMOID__PGDK_w_0.0078_6_500.onnx,unsat,0.395,3322.0,,eran,22.0 ffnnSIGMOID__PGDK_w_0.0078_6_500.onnx 0.002,1,1,True
1694,,,0.002,2.0,ffnnSIGMOID__PGDK_w_0.0078_6_500.onnx,unsat,26.275,3302.0,,eran,2.0 ffnnSIGMOID__PGDK_w_0.0078_6_500.onnx 0.002,1,1,True
2054,,,0.002,22.0,convMedGSIGMOID__Point.onnx,unsat,0.202,522.0,,eran,22.0 convMedGSIGMOID__Point.onnx 0.002,1,1,True
1698,,,0.002,2.0,ffnnSIGMOID__Point_6_500.onnx,unsat,59.796,902.0,,eran,2.0 ffnnSIGMOID__Point_6_500.onnx 0.002,1,1,True
1789,,,0.002,20.0,convMedGSIGMOID__PGDK_w_0.0078.onnx,unsat,8.627,3520.0,,eran,20.0 convMedGSIGMOID__PGDK_w_0.0078.onnx 0.002,1,1,True
1792,,,0.002,20.0,convMedGSIGMOID__PGDK_w_0.0313.onnx,unsat,8.46,420.0,,eran,20.0 convMedGSIGMOID__PGDK_w_0.0313.onnx 0.002,1,1,True
1795,,,0.002,20.0,convMedGSIGMOID__Point.onnx,unsat,8.422,520.0,,eran,20.0 convMedGSIGMOID__Point.onnx 0.002,1,1,True
1825,,,0.002,20.0,ffnnSIGMOID__PGDK_w_0.0078_6_500.onnx,unsat,0.381,3320.0,,eran,20.0 ffnnSIGMOID__PGDK_w_0.0078_6_500.onnx 0.002,1,1,True
1829,,,0.002,20.0,ffnnSIGMOID__PGDK_w_0.0313_6_500.onnx,unsat,0.277,2120.0,,eran,20.0 ffnnSIGMOID__PGDK_w_0.0313_6_500.onnx 0.002,1,1,True
1830,,,0.002,20.0,ffnnSIGMOID__Point_6_500.onnx,unsat,59.586,920.0,,eran,20.0 ffnnSIGMOID__Point_6_500.onnx 0.002,1,1,True
1920,,,0.002,21.0,convMedGSIGMOID__PGDK_w_0.0078.onnx,unsat,8.466,3521.0,,eran,21.0 convMedGSIGMOID__PGDK_w_0.0078.onnx 0.002,1,1,True
1925,,,0.002,21.0,convMedGSIGMOID__PGDK_w_0.0313.onnx,unsat,8.545,421.0,,eran,21.0 convMedGSIGMOID__PGDK_w_0.0313.onnx 0.002,1,1,True
1927,,,0.002,21.0,convMedGSIGMOID__Point.onnx,unsat,8.506,521.0,,eran,21.0 convMedGSIGMOID__Point.onnx 0.002,1,1,True
1958,,,0.002,21.0,ffnnSIGMOID__PGDK_w_0.0078_6_500.onnx,unsat,26.521,3321.0,,eran,21.0 ffnnSIGMOID__PGDK_w_0.0078_6_500.onnx 0.002,1,1,True
1961,,,0.002,21.0,ffnnSIGMOID__PGDK_w_0.0313_6_500.onnx,unsat,26.379,2121.0,,eran,21.0 ffnnSIGMOID__PGDK_w_0.0313_6_500.onnx 0.002,1,1,True
1964,,,0.002,21.0,ffnnSIGMOID__Point_6_500.onnx,unsat,0.842,921.0,,eran,21.0 ffnnSIGMOID__Point_6_500.onnx 0.002,1,1,True
2048,,,0.002,22.0,convMedGSIGMOID__PGDK_w_0.0078.onnx,unsat,0.2,3522.0,,eran,22.0 convMedGSIGMOID__PGDK_w_0.0078.onnx 0.002,1,1,True
2049,,,0.002,22.0,convMedGSIGMOID__PGDK_w_0.0313.onnx,unsat,0.208,422.0,,eran,22.0 convMedGSIGMOID__PGDK_w_0.0313.onnx 0.002,1,1,True
2480,,,0.002,25.0,ffnnSIGMOID__PGDK_w_0.0078_6_500.onnx,unsat,0.268,3325.0,,eran,25.0 ffnnSIGMOID__PGDK_w_0.0078_6_500.onnx 0.002,1,1,True
2481,,,0.002,25.0,ffnnSIGMOID__PGDK_w_0.0313_6_500.onnx,unsat,0.277,2125.0,,eran,25.0 ffnnSIGMOID__PGDK_w_0.0313_6_500.onnx 0.002,1,1,True
2484,,,0.002,25.0,ffnnSIGMOID__Point_6_500.onnx,unsat,0.293,925.0,,eran,25.0 ffnnSIGMOID__Point_6_500.onnx 0.002,1,1,True
2575,,,0.002,26.0,convMedGSIGMOID__PGDK_w_0.0078.onnx,unsat,0.209,3526.0,,eran,26.0 convMedGSIGMOID__PGDK_w_0.0078.onnx 0.002,1,1,True
2975,,,0.002,29.0,convMedGSIGMOID__PGDK_w_0.0313.onnx,unsat,8.284,429.0,,eran,29.0 convMedGSIGMOID__PGDK_w_0.0313.onnx 0.002,1,1,True
2976,,,0.002,29.0,convMedGSIGMOID__Point.onnx,unsat,8.542,529.0,,eran,29.0 convMedGSIGMOID__Point.onnx 0.002,1,1,True
3008,,,0.002,29.0,ffnnSIGMOID__PGDK_w_0.0078_6_500.onnx,unsat,0.285,3329.0,,eran,29.0 ffnnSIGMOID__PGDK_w_0.0078_6_500.onnx 0.002,1,1,True
3011,,,0.002,29.0,ffnnSIGMOID__PGDK_w_0.0313_6_500.onnx,unsat,0.335,2129.0,,eran,29.0 ffnnSIGMOID__PGDK_w_0.0313_6_500.onnx 0.002,1,1,True
3012,,,0.002,29.0,ffnnSIGMOID__Point_6_500.onnx,unsat,0.311,929.0,,eran,29.0 ffnnSIGMOID__Point_6_500.onnx 0.002,1,1,True
3104,,,0.002,3.0,convMedGSIGMOID__PGDK_w_0.0078.onnx,unsat,0.358,3503.0,,eran,3.0 convMedGSIGMOID__PGDK_w_0.0078.onnx 0.002,1,1,True
3105,,,0.002,3.0,convMedGSIGMOID__PGDK_w_0.0313.onnx,unsat,0.346,403.0,,eran,3.0 convMedGSIGMOID__PGDK_w_0.0313.onnx 0.002,1,1,True
3110,,,0.002,3.0,convMedGSIGMOID__Point.onnx,unsat,0.209,503.0,,eran,3.0 convMedGSIGMOID__Point.onnx 0.002,1,1,True
3138,,,0.002,3.0,ffnnSIGMOID__PGDK_w_0.0078_6_500.onnx,unsat,0.642,3303.0,,eran,3.0 ffnnSIGMOID__PGDK_w_0.0078_6_500.onnx 0.002,1,1,True
3142,,,0.002,3.0,ffnnSIGMOID__PGDK_w_0.0313_6_500.onnx,unsat,26.008,2103.0,,eran,3.0 ffnnSIGMOID__PGDK_w_0.0313_6_500.onnx 0.002,1,1,True
3145,,,0.002,3.0,ffnnSIGMOID__Point_6_500.onnx,unsat,59.411,903.0,,eran,3.0 ffnnSIGMOID__Point_6_500.onnx 0.002,1,1,True
3234,,,0.002,30.0,convMedGSIGMOID__PGDK_w_0.0078.onnx,unsat,8.414,3530.0,,eran,30.0 convMedGSIGMOID__PGDK_w_0.0078.onnx 0.002,1,1,True
3238,,,0.002,30.0,convMedGSIGMOID__PGDK_w_0.0313.onnx,unsat,8.332,430.0,,eran,30.0 convMedGSIGMOID__PGDK_w_0.0313.onnx 0.002,1,1,True
3242,,,0.002,30.0,convMedGSIGMOID__Point.onnx,unsat,8.303,530.0,,eran,30.0 convMedGSIGMOID__Point.onnx 0.002,1,1,True
3270,,,0.002,30.0,ffnnSIGMOID__PGDK_w_0.0078_6_500.onnx,unsat,0.564,3330.0,,eran,30.0 ffnnSIGMOID__PGDK_w_0.0078_6_500.onnx 0.002,1,1,True
2970,,,0.002,29.0,convMedGSIGMOID__PGDK_w_0.0078.onnx,unsat,8.434,3529.0,,eran,29.0 convMedGSIGMOID__PGDK_w_0.0078.onnx 0.002,1,1,True
2880,,,0.002,28.0,ffnnSIGMOID__Point_6_500.onnx,unsat,0.394,928.0,,eran,28.0 ffnnSIGMOID__Point_6_500.onnx 0.002,1,1,True
2877,,,0.002,28.0,ffnnSIGMOID__PGDK_w_0.0313_6_500.onnx,unsat,0.311,2128.0,,eran,28.0 ffnnSIGMOID__PGDK_w_0.0313_6_500.onnx 0.002,1,1,True
2709,,,0.002,27.0,convMedGSIGMOID__PGDK_w_0.0313.onnx,unsat,0.222,427.0,,eran,27.0 convMedGSIGMOID__PGDK_w_0.0313.onnx 0.002,1,1,True
2578,,,0.002,26.0,convMedGSIGMOID__PGDK_w_0.0313.onnx,unsat,0.233,426.0,,eran,26.0 convMedGSIGMOID__PGDK_w_0.0313.onnx 0.002,1,1,True
2581,,,0.002,26.0,convMedGSIGMOID__Point.onnx,unsat,0.223,526.0,,eran,26.0 convMedGSIGMOID__Point.onnx 0.002,1,1,True
2611,,,0.002,26.0,ffnnSIGMOID__PGDK_w_0.0078_6_500.onnx,unsat,0.3,3326.0,,eran,26.0 ffnnSIGMOID__PGDK_w_0.0078_6_500.onnx 0.002,1,1,True
2613,,,0.002,26.0,ffnnSIGMOID__PGDK_w_0.0313_6_500.onnx,unsat,0.255,2126.0,,eran,26.0 ffnnSIGMOID__PGDK_w_0.0313_6_500.onnx 0.002,1,1,True
2616,,,0.002,26.0,ffnnSIGMOID__Point_6_500.onnx,unsat,0.283,926.0,,eran,26.0 ffnnSIGMOID__Point_6_500.onnx 0.002,1,1,True
2706,,,0.002,27.0,convMedGSIGMOID__PGDK_w_0.0078.onnx,unsat,0.218,3527.0,,eran,27.0 convMedGSIGMOID__PGDK_w_0.0078.onnx 0.002,1,1,True
2712,,,0.002,27.0,convMedGSIGMOID__Point.onnx,unsat,0.304,527.0,,eran,27.0 convMedGSIGMOID__Point.onnx 0.002,1,1,True
2876,,,0.002,28.0,ffnnSIGMOID__PGDK_w_0.0078_6_500.onnx,unsat,0.419,3328.0,,eran,28.0 ffnnSIGMOID__PGDK_w_0.0078_6_500.onnx 0.002,1,1,True
2744,,,0.002,27.0,ffnnSIGMOID__PGDK_w_0.0078_6_500.onnx,unsat,59.091,3327.0,,eran,27.0 ffnnSIGMOID__PGDK_w_0.0078_6_500.onnx 0.002,1,1,True
2746,,,0.002,27.0,ffnnSIGMOID__PGDK_w_0.0313_6_500.onnx,unsat,58.114,2127.0,,eran,27.0 ffnnSIGMOID__PGDK_w_0.0313_6_500.onnx 0.002,1,1,True
2748,,,0.002,27.0,ffnnSIGMOID__Point_6_500.onnx,unsat,0.402,927.0,,eran,27.0 ffnnSIGMOID__Point_6_500.onnx 0.002,1,1,True
2838,,,0.002,28.0,convMedGSIGMOID__PGDK_w_0.0078.onnx,unsat,0.227,3528.0,,eran,28.0 convMedGSIGMOID__PGDK_w_0.0078.onnx 0.002,1,1,True
2841,,,0.002,28.0,convMedGSIGMOID__PGDK_w_0.0313.onnx,unsat,0.224,428.0,,eran,28.0 convMedGSIGMOID__PGDK_w_0.0313.onnx 0.002,1,1,True
2846,,,0.002,28.0,convMedGSIGMOID__Point.onnx,unsat,0.226,528.0,,eran,28.0 convMedGSIGMOID__Point.onnx 0.002,1,1,True
1696,,,0.002,2.0,ffnnSIGMOID__PGDK_w_0.0313_6_500.onnx,unsat,58.249,2102.0,,eran,2.0 ffnnSIGMOID__PGDK_w_0.0313_6_500.onnx 0.002,1,1,True
1662,,,0.002,2.0,convMedGSIGMOID__Point.onnx,unsat,0.211,502.0,,eran,2.0 convMedGSIGMOID__Point.onnx 0.002,1,1,True
3276,,,0.002,30.0,ffnnSIGMOID__Point_6_500.onnx,unsat,0.406,930.0,,eran,30.0 ffnnSIGMOID__Point_6_500.onnx 0.002,1,1,True
473,,,0.002,11.0,convMedGSIGMOID__PGDK_w_0.0313.onnx,unsat,8.345,411.0,,eran,11.0 convMedGSIGMOID__PGDK_w_0.0313.onnx 0.002,1,1,True
504,,,0.002,11.0,ffnnSIGMOID__PGDK_w_0.0078_6_500.onnx,unsat,0.567,3311.0,,eran,11.0 ffnnSIGMOID__PGDK_w_0.0078_6_500.onnx 0.002,1,1,True
508,,,0.002,11.0,ffnnSIGMOID__PGDK_w_0.0313_6_500.onnx,unsat,0.479,2111.0,,eran,11.0 ffnnSIGMOID__PGDK_w_0.0313_6_500.onnx 0.002,1,1,True
512,,,0.002,11.0,ffnnSIGMOID__Point_6_500.onnx,unsat,0.404,911.0,,eran,11.0 ffnnSIGMOID__Point_6_500.onnx 0.002,1,1,True
602,,,0.002,12.0,convMedGSIGMOID__PGDK_w_0.0078.onnx,unsat,0.221,3512.0,,eran,12.0 convMedGSIGMOID__PGDK_w_0.0078.onnx 0.002,1,1,True
605,,,0.002,12.0,convMedGSIGMOID__PGDK_w_0.0313.onnx,unsat,0.246,412.0,,eran,12.0 convMedGSIGMOID__PGDK_w_0.0313.onnx 0.002,1,1,True
608,,,0.002,12.0,convMedGSIGMOID__Point.onnx,unsat,29.958,512.0,,eran,12.0 convMedGSIGMOID__Point.onnx 0.002,1,1,True
636,,,0.002,12.0,ffnnSIGMOID__PGDK_w_0.0078_6_500.onnx,unsat,0.425,3312.0,,eran,12.0 ffnnSIGMOID__PGDK_w_0.0078_6_500.onnx 0.002,1,1,True
639,,,0.002,12.0,ffnnSIGMOID__PGDK_w_0.0313_6_500.onnx,unsat,0.37,2112.0,,eran,12.0 ffnnSIGMOID__PGDK_w_0.0313_6_500.onnx 0.002,1,1,True
643,,,0.002,12.0,ffnnSIGMOID__Point_6_500.onnx,unsat,0.465,912.0,,eran,12.0 ffnnSIGMOID__Point_6_500.onnx 0.002,1,1,True
734,,,0.002,13.0,convMedGSIGMOID__PGDK_w_0.0078.onnx,unsat,8.309,3513.0,,eran,13.0 convMedGSIGMOID__PGDK_w_0.0078.onnx 0.002,1,1,True
737,,,0.002,13.0,convMedGSIGMOID__PGDK_w_0.0313.onnx,unsat,8.412,413.0,,eran,13.0 convMedGSIGMOID__PGDK_w_0.0313.onnx 0.002,1,1,True
738,,,0.002,13.0,convMedGSIGMOID__Point.onnx,unsat,8.543,513.0,,eran,13.0 convMedGSIGMOID__Point.onnx 0.002,1,1,True
769,,,0.002,13.0,ffnnSIGMOID__PGDK_w_0.0078_6_500.onnx,unsat,0.533,3313.0,,eran,13.0 ffnnSIGMOID__PGDK_w_0.0078_6_500.onnx 0.002,1,1,True
773,,,0.002,13.0,ffnnSIGMOID__PGDK_w_0.0313_6_500.onnx,unsat,0.532,2113.0,,eran,13.0 ffnnSIGMOID__PGDK_w_0.0313_6_500.onnx 0.002,1,1,True
776,,,0.002,13.0,ffnnSIGMOID__Point_6_500.onnx,unsat,0.454,913.0,,eran,13.0 ffnnSIGMOID__Point_6_500.onnx 0.002,1,1,True
476,,,0.002,11.0,convMedGSIGMOID__Point.onnx,unsat,8.309,511.0,,eran,11.0 convMedGSIGMOID__Point.onnx 0.002,1,1,True
470,,,0.002,11.0,convMedGSIGMOID__PGDK_w_0.0078.onnx,unsat,8.536,3511.0,,eran,11.0 convMedGSIGMOID__PGDK_w_0.0078.onnx 0.002,1,1,True
1660,,,0.002,2.0,convMedGSIGMOID__PGDK_w_0.0313.onnx,unsat,8.36,402.0,,eran,2.0 convMedGSIGMOID__PGDK_w_0.0313.onnx 0.002,1,1,True
380,,,0.002,10.0,ffnnSIGMOID__Point_6_500.onnx,unsat,0.177,910.0,,eran,10.0 ffnnSIGMOID__Point_6_500.onnx 0.002,1,1,True
78,,,0.002,0.0,convMedGSIGMOID__Point.onnx,unsat,8.634,500.0,,eran,0.0 convMedGSIGMOID__Point.onnx 0.002,1,1,True
110,,,0.002,0.0,ffnnSIGMOID__PGDK_w_0.0078_6_500.onnx,unsat,0.336,3300.0,,eran,0.0 ffnnSIGMOID__PGDK_w_0.0078_6_500.onnx 0.002,1,1,True
113,,,0.002,0.0,ffnnSIGMOID__PGDK_w_0.0313_6_500.onnx,unsat,0.315,2100.0,,eran,0.0 ffnnSIGMOID__PGDK_w_0.0313_6_500.onnx 0.002,1,1,True
116,,,0.002,0.0,ffnnSIGMOID__Point_6_500.onnx,unsat,0.384,900.0,,eran,0.0 ffnnSIGMOID__Point_6_500.onnx 0.002,1,1,True
206,,,0.002,1.0,convMedGSIGMOID__PGDK_w_0.0078.onnx,unsat,8.468,3501.0,,eran,1.0 convMedGSIGMOID__PGDK_w_0.0078.onnx 0.002,1,1,True
209,,,0.002,1.0,convMedGSIGMOID__PGDK_w_0.0313.onnx,unsat,8.46,401.0,,eran,1.0 convMedGSIGMOID__PGDK_w_0.0313.onnx 0.002,1,1,True
210,,,0.002,1.0,convMedGSIGMOID__Point.onnx,unsat,30.473,501.0,,eran,1.0 convMedGSIGMOID__Point.onnx 0.002,1,1,True
242,,,0.002,1.0,ffnnSIGMOID__PGDK_w_0.0078_6_500.onnx,unsat,0.906,3301.0,,eran,1.0 ffnnSIGMOID__PGDK_w_0.0078_6_500.onnx 0.002,1,1,True
244,,,0.002,1.0,ffnnSIGMOID__PGDK_w_0.0313_6_500.onnx,unsat,0.934,2101.0,,eran,1.0 ffnnSIGMOID__PGDK_w_0.0313_6_500.onnx 0.002,1,1,True
247,,,0.002,1.0,ffnnSIGMOID__Point_6_500.onnx,unsat,59.869,901.0,,eran,1.0 ffnnSIGMOID__Point_6_500.onnx 0.002,1,1,True
337,,,0.002,10.0,convMedGSIGMOID__PGDK_w_0.0078.onnx,unsat,8.527,3510.0,,eran,10.0 convMedGSIGMOID__PGDK_w_0.0078.onnx 0.002,1,1,True
339,,,0.002,10.0,convMedGSIGMOID__PGDK_w_0.0313.onnx,unsat,8.432,410.0,,eran,10.0 convMedGSIGMOID__PGDK_w_0.0313.onnx 0.002,1,1,True
342,,,0.002,10.0,convMedGSIGMOID__Point.onnx,unsat,8.559,510.0,,eran,10.0 convMedGSIGMOID__Point.onnx 0.002,1,1,True
374,,,0.002,10.0,ffnnSIGMOID__PGDK_w_0.0078_6_500.onnx,unsat,0.14,3310.0,,eran,10.0 ffnnSIGMOID__PGDK_w_0.0078_6_500.onnx 0.002,1,1,True
377,,,0.002,10.0,ffnnSIGMOID__PGDK_w_0.0313_6_500.onnx,unsat,0.122,2110.0,,eran,10.0 ffnnSIGMOID__PGDK_w_0.0313_6_500.onnx 0.002,1,1,True
864,,,0.002,14.0,convMedGSIGMOID__PGDK_w_0.0078.onnx,unsat,0.221,3514.0,,eran,14.0 convMedGSIGMOID__PGDK_w_0.0078.onnx 0.002,1,1,True
868,,,0.002,14.0,convMedGSIGMOID__PGDK_w_0.0313.onnx,unsat,0.224,414.0,,eran,14.0 convMedGSIGMOID__PGDK_w_0.0313.onnx 0.002,1,1,True
872,,,0.002,14.0,convMedGSIGMOID__Point.onnx,unsat,30.136,514.0,,eran,14.0 convMedGSIGMOID__Point.onnx 0.002,1,1,True
900,,,0.002,14.0,ffnnSIGMOID__PGDK_w_0.0078_6_500.onnx,unsat,0.216,3314.0,,eran,14.0 ffnnSIGMOID__PGDK_w_0.0078_6_500.onnx 0.002,1,1,True
1301,,,0.002,17.0,ffnnSIGMOID__PGDK_w_0.0313_6_500.onnx,unsat,0.169,2117.0,,eran,17.0 ffnnSIGMOID__PGDK_w_0.0313_6_500.onnx 0.002,1,1,True
1304,,,0.002,17.0,ffnnSIGMOID__Point_6_500.onnx,unsat,0.286,917.0,,eran,17.0 ffnnSIGMOID__Point_6_500.onnx 0.002,1,1,True
1392,,,0.002,18.0,convMedGSIGMOID__PGDK_w_0.0078.onnx,unsat,8.41,3518.0,,eran,18.0 convMedGSIGMOID__PGDK_w_0.0078.onnx 0.002,1,1,True
1396,,,0.002,18.0,convMedGSIGMOID__PGDK_w_0.0313.onnx,unsat,8.417,418.0,,eran,18.0 convMedGSIGMOID__PGDK_w_0.0313.onnx 0.002,1,1,True
1399,,,0.002,18.0,convMedGSIGMOID__Point.onnx,unsat,8.424,518.0,,eran,18.0 convMedGSIGMOID__Point.onnx 0.002,1,1,True
1428,,,0.002,18.0,ffnnSIGMOID__PGDK_w_0.0078_6_500.onnx,unsat,26.635,3318.0,,eran,18.0 ffnnSIGMOID__PGDK_w_0.0078_6_500.onnx 0.002,1,1,True
1431,,,0.002,18.0,ffnnSIGMOID__PGDK_w_0.0313_6_500.onnx,unsat,0.913,2118.0,,eran,18.0 ffnnSIGMOID__PGDK_w_0.0313_6_500.onnx 0.002,1,1,True
1434,,,0.002,18.0,ffnnSIGMOID__Point_6_500.onnx,unsat,60.02,918.0,,eran,18.0 ffnnSIGMOID__Point_6_500.onnx 0.002,1,1,True
1524,,,0.002,19.0,convMedGSIGMOID__PGDK_w_0.0078.onnx,unsat,8.444,3519.0,,eran,19.0 convMedGSIGMOID__PGDK_w_0.0078.onnx 0.002,1,1,True
1527,,,0.002,19.0,convMedGSIGMOID__PGDK_w_0.0313.onnx,unsat,29.635,419.0,,eran,19.0 convMedGSIGMOID__PGDK_w_0.0313.onnx 0.002,1,1,True
1532,,,0.002,19.0,convMedGSIGMOID__Point.onnx,unsat,8.464,519.0,,eran,19.0 convMedGSIGMOID__Point.onnx 0.002,1,1,True
1562,,,0.002,19.0,ffnnSIGMOID__PGDK_w_0.0078_6_500.onnx,unsat,0.292,3319.0,,eran,19.0 ffnnSIGMOID__PGDK_w_0.0078_6_500.onnx 0.002,1,1,True
1563,,,0.002,19.0,ffnnSIGMOID__PGDK_w_0.0313_6_500.onnx,unsat,0.224,2119.0,,eran,19.0 ffnnSIGMOID__PGDK_w_0.0313_6_500.onnx 0.002,1,1,True
1568,,,0.002,19.0,ffnnSIGMOID__Point_6_500.onnx,unsat,0.299,919.0,,eran,19.0 ffnnSIGMOID__Point_6_500.onnx 0.002,1,1,True
1657,,,0.002,2.0,convMedGSIGMOID__PGDK_w_0.0078.onnx,unsat,8.45,3502.0,,eran,2.0 convMedGSIGMOID__PGDK_w_0.0078.onnx 0.002,1,1,True
1298,,,0.002,17.0,ffnnSIGMOID__PGDK_w_0.0078_6_500.onnx,unsat,0.191,3317.0,,eran,17.0 ffnnSIGMOID__PGDK_w_0.0078_6_500.onnx 0.002,1,1,True
1267,,,0.002,17.0,convMedGSIGMOID__Point.onnx,unsat,8.559,517.0,,eran,17.0 convMedGSIGMOID__Point.onnx 0.002,1,1,True
1263,,,0.002,17.0,convMedGSIGMOID__PGDK_w_0.0313.onnx,unsat,0.218,417.0,,eran,17.0 convMedGSIGMOID__PGDK_w_0.0313.onnx 0.002,1,1,True
1036,,,0.002,15.0,ffnnSIGMOID__PGDK_w_0.0313_6_500.onnx,unsat,0.148,2115.0,,eran,15.0 ffnnSIGMOID__PGDK_w_0.0313_6_500.onnx 0.002,1,1,True
905,,,0.002,14.0,ffnnSIGMOID__PGDK_w_0.0313_6_500.onnx,unsat,0.162,2114.0,,eran,14.0 ffnnSIGMOID__PGDK_w_0.0313_6_500.onnx 0.002,1,1,True
906,,,0.002,14.0,ffnnSIGMOID__Point_6_500.onnx,unsat,0.313,914.0,,eran,14.0 ffnnSIGMOID__Point_6_500.onnx 0.002,1,1,True
998,,,0.002,15.0,convMedGSIGMOID__PGDK_w_0.0078.onnx,unsat,8.53,3515.0,,eran,15.0 convMedGSIGMOID__PGDK_w_0.0078.onnx 0.002,1,1,True
1001,,,0.002,15.0,convMedGSIGMOID__PGDK_w_0.0313.onnx,unsat,8.556,415.0,,eran,15.0 convMedGSIGMOID__PGDK_w_0.0313.onnx 0.002,1,1,True
1004,,,0.002,15.0,convMedGSIGMOID__Point.onnx,unsat,0.243,515.0,,eran,15.0 convMedGSIGMOID__Point.onnx 0.002,1,1,True
1032,,,0.002,15.0,ffnnSIGMOID__PGDK_w_0.0078_6_500.onnx,unsat,0.144,3315.0,,eran,15.0 ffnnSIGMOID__PGDK_w_0.0078_6_500.onnx 0.002,1,1,True
1038,,,0.002,15.0,ffnnSIGMOID__Point_6_500.onnx,unsat,0.227,915.0,,eran,15.0 ffnnSIGMOID__Point_6_500.onnx 0.002,1,1,True
1260,,,0.002,17.0,convMedGSIGMOID__PGDK_w_0.0078.onnx,unsat,0.221,3517.0,,eran,17.0 convMedGSIGMOID__PGDK_w_0.0078.onnx 0.002,1,1,True
1128,,,0.002,16.0,convMedGSIGMOID__PGDK_w_0.0078.onnx,unsat,8.723,3516.0,,eran,16.0 convMedGSIGMOID__PGDK_w_0.0078.onnx 0.002,1,1,True
1131,,,0.002,16.0,convMedGSIGMOID__PGDK_w_0.0313.onnx,unsat,8.398,416.0,,eran,16.0 convMedGSIGMOID__PGDK_w_0.0313.onnx 0.002,1,1,True
1136,,,0.002,16.0,convMedGSIGMOID__Point.onnx,unsat,8.368,516.0,,eran,16.0 convMedGSIGMOID__Point.onnx 0.002,1,1,True
1165,,,0.002,16.0,ffnnSIGMOID__PGDK_w_0.0078_6_500.onnx,unsat,0.375,3316.0,,eran,16.0 ffnnSIGMOID__PGDK_w_0.0078_6_500.onnx 0.002,1,1,True
1167,,,0.002,16.0,ffnnSIGMOID__PGDK_w_0.0313_6_500.onnx,unsat,0.397,2116.0,,eran,16.0 ffnnSIGMOID__PGDK_w_0.0313_6_500.onnx 0.002,1,1,True
1171,,,0.002,16.0,ffnnSIGMOID__Point_6_500.onnx,unsat,0.392,916.0,,eran,16.0 ffnnSIGMOID__Point_6_500.onnx 0.002,1,1,True
3273,,,0.002,30.0,ffnnSIGMOID__PGDK_w_0.0313_6_500.onnx,unsat,25.693,2130.0,,eran,30.0 ffnnSIGMOID__PGDK_w_0.0313_6_500.onnx 0.002,1,1,True
3366,,,0.002,31.0,convMedGSIGMOID__PGDK_w_0.0078.onnx,unsat,29.749,3531.0,,eran,31.0 convMedGSIGMOID__PGDK_w_0.0078.onnx 0.002,1,1,True
6570,,,0.002,53.0,ffnnSIGMOID__PGDK_w_0.0313_6_500.onnx,unsat,0.33,2153.0,,eran,53.0 ffnnSIGMOID__PGDK_w_0.0313_6_500.onnx 0.002,1,1,True
5387,,,0.002,45.0,ffnnSIGMOID__PGDK_w_0.0313_6_500.onnx,unsat,0.369,2145.0,,eran,45.0 ffnnSIGMOID__PGDK_w_0.0313_6_500.onnx 0.002,1,1,True
5478,,,0.002,46.0,convMedGSIGMOID__PGDK_w_0.0078.onnx,unsat,8.469,3546.0,,eran,46.0 convMedGSIGMOID__PGDK_w_0.0078.onnx 0.002,1,1,True
5483,,,0.002,46.0,convMedGSIGMOID__PGDK_w_0.0313.onnx,unsat,0.224,446.0,,eran,46.0 convMedGSIGMOID__PGDK_w_0.0313.onnx 0.002,1,1,True
5485,,,0.002,46.0,convMedGSIGMOID__Point.onnx,unsat,8.521,546.0,,eran,46.0 convMedGSIGMOID__Point.onnx 0.002,1,1,True
5515,,,0.002,46.0,ffnnSIGMOID__PGDK_w_0.0078_6_500.onnx,unsat,0.204,3346.0,,eran,46.0 ffnnSIGMOID__PGDK_w_0.0078_6_500.onnx 0.002,1,1,True
5517,,,0.002,46.0,ffnnSIGMOID__PGDK_w_0.0313_6_500.onnx,unsat,0.16,2146.0,,eran,46.0 ffnnSIGMOID__PGDK_w_0.0313_6_500.onnx 0.002,1,1,True
5520,,,0.002,46.0,ffnnSIGMOID__Point_6_500.onnx,unsat,0.386,946.0,,eran,46.0 ffnnSIGMOID__Point_6_500.onnx 0.002,1,1,True
5610,,,0.002,47.0,convMedGSIGMOID__PGDK_w_0.0078.onnx,unsat,0.218,3547.0,,eran,47.0 convMedGSIGMOID__PGDK_w_0.0078.onnx 0.002,1,1,True
5614,,,0.002,47.0,convMedGSIGMOID__PGDK_w_0.0313.onnx,unsat,0.208,447.0,,eran,47.0 convMedGSIGMOID__PGDK_w_0.0313.onnx 0.002,1,1,True
5617,,,0.002,47.0,convMedGSIGMOID__Point.onnx,unsat,8.534,547.0,,eran,47.0 convMedGSIGMOID__Point.onnx 0.002,1,1,True
5647,,,0.002,47.0,ffnnSIGMOID__PGDK_w_0.0078_6_500.onnx,unsat,0.16,3347.0,,eran,47.0 ffnnSIGMOID__PGDK_w_0.0078_6_500.onnx 0.002,1,1,True
5649,,,0.002,47.0,ffnnSIGMOID__PGDK_w_0.0313_6_500.onnx,unsat,0.127,2147.0,,eran,47.0 ffnnSIGMOID__PGDK_w_0.0313_6_500.onnx 0.002,1,1,True
5653,,,0.002,47.0,ffnnSIGMOID__Point_6_500.onnx,unsat,0.239,947.0,,eran,47.0 ffnnSIGMOID__Point_6_500.onnx 0.002,1,1,True
5742,,,0.002,48.0,convMedGSIGMOID__PGDK_w_0.0078.onnx,unsat,8.414,3548.0,,eran,48.0 convMedGSIGMOID__PGDK_w_0.0078.onnx 0.002,1,1,True
5746,,,0.002,48.0,convMedGSIGMOID__PGDK_w_0.0313.onnx,unsat,0.199,448.0,,eran,48.0 convMedGSIGMOID__PGDK_w_0.0313.onnx 0.002,1,1,True
5748,,,0.002,48.0,convMedGSIGMOID__Point.onnx,unsat,30.134,548.0,,eran,48.0 convMedGSIGMOID__Point.onnx 0.002,1,1,True
5388,,,0.002,45.0,ffnnSIGMOID__Point_6_500.onnx,unsat,0.329,945.0,,eran,45.0 ffnnSIGMOID__Point_6_500.onnx 0.002,1,1,True
5382,,,0.002,45.0,ffnnSIGMOID__PGDK_w_0.0078_6_500.onnx,unsat,0.374,3345.0,,eran,45.0 ffnnSIGMOID__PGDK_w_0.0078_6_500.onnx 0.002,1,1,True
4986,,,0.002,42.0,ffnnSIGMOID__PGDK_w_0.0078_6_500.onnx,unsat,0.429,3342.0,,eran,42.0 ffnnSIGMOID__PGDK_w_0.0078_6_500.onnx 0.002,1,1,True
5354,,,0.002,45.0,convMedGSIGMOID__Point.onnx,unsat,8.515,545.0,,eran,45.0 convMedGSIGMOID__Point.onnx 0.002,1,1,True
4994,,,0.002,42.0,ffnnSIGMOID__Point_6_500.onnx,unsat,0.377,942.0,,eran,42.0 ffnnSIGMOID__Point_6_500.onnx 0.002,1,1,True
5082,,,0.002,43.0,convMedGSIGMOID__PGDK_w_0.0078.onnx,unsat,8.63,3543.0,,eran,43.0 convMedGSIGMOID__PGDK_w_0.0078.onnx 0.002,1,1,True
5087,,,0.002,43.0,convMedGSIGMOID__PGDK_w_0.0313.onnx,unsat,8.521,443.0,,eran,43.0 convMedGSIGMOID__PGDK_w_0.0313.onnx 0.002,1,1,True
5089,,,0.002,43.0,convMedGSIGMOID__Point.onnx,unsat,8.484,543.0,,eran,43.0 convMedGSIGMOID__Point.onnx 0.002,1,1,True
5120,,,0.002,43.0,ffnnSIGMOID__PGDK_w_0.0078_6_500.onnx,unsat,0.201,3343.0,,eran,43.0 ffnnSIGMOID__PGDK_w_0.0078_6_500.onnx 0.002,1,1,True
5122,,,0.002,43.0,ffnnSIGMOID__PGDK_w_0.0313_6_500.onnx,unsat,0.258,2143.0,,eran,43.0 ffnnSIGMOID__PGDK_w_0.0313_6_500.onnx 0.002,1,1,True
5125,,,0.002,43.0,ffnnSIGMOID__Point_6_500.onnx,unsat,0.374,943.0,,eran,43.0 ffnnSIGMOID__Point_6_500.onnx 0.002,1,1,True
5214,,,0.002,44.0,convMedGSIGMOID__PGDK_w_0.0078.onnx,unsat,8.529,3544.0,,eran,44.0 convMedGSIGMOID__PGDK_w_0.0078.onnx 0.002,1,1,True
5219,,,0.002,44.0,convMedGSIGMOID__PGDK_w_0.0313.onnx,unsat,8.413,444.0,,eran,44.0 convMedGSIGMOID__PGDK_w_0.0313.onnx 0.002,1,1,True
5221,,,0.002,44.0,convMedGSIGMOID__Point.onnx,unsat,8.451,544.0,,eran,44.0 convMedGSIGMOID__Point.onnx 0.002,1,1,True
5251,,,0.002,44.0,ffnnSIGMOID__PGDK_w_0.0078_6_500.onnx,unsat,26.387,3344.0,,eran,44.0 ffnnSIGMOID__PGDK_w_0.0078_6_500.onnx 0.002,1,1,True
5253,,,0.002,44.0,ffnnSIGMOID__PGDK_w_0.0313_6_500.onnx,unsat,0.653,2144.0,,eran,44.0 ffnnSIGMOID__PGDK_w_0.0313_6_500.onnx 0.002,1,1,True
5256,,,0.002,44.0,ffnnSIGMOID__Point_6_500.onnx,unsat,0.405,944.0,,eran,44.0 ffnnSIGMOID__Point_6_500.onnx 0.002,1,1,True
5347,,,0.002,45.0,convMedGSIGMOID__PGDK_w_0.0078.onnx,unsat,8.486,3545.0,,eran,45.0 convMedGSIGMOID__PGDK_w_0.0078.onnx 0.002,1,1,True
5351,,,0.002,45.0,convMedGSIGMOID__PGDK_w_0.0313.onnx,unsat,8.447,445.0,,eran,45.0 convMedGSIGMOID__PGDK_w_0.0313.onnx 0.002,1,1,True
5778,,,0.002,48.0,ffnnSIGMOID__PGDK_w_0.0078_6_500.onnx,unsat,0.168,3348.0,,eran,48.0 ffnnSIGMOID__PGDK_w_0.0078_6_500.onnx 0.002,1,1,True
5783,,,0.002,48.0,ffnnSIGMOID__PGDK_w_0.0313_6_500.onnx,unsat,0.125,2148.0,,eran,48.0 ffnnSIGMOID__PGDK_w_0.0313_6_500.onnx 0.002,1,1,True
5785,,,0.002,48.0,ffnnSIGMOID__Point_6_500.onnx,unsat,0.233,948.0,,eran,48.0 ffnnSIGMOID__Point_6_500.onnx 0.002,1,1,True
5871,,,0.002,49.0,convMedGSIGMOID__PGDK_w_0.0078.onnx,unsat,8.526,3549.0,,eran,49.0 convMedGSIGMOID__PGDK_w_0.0078.onnx 0.002,1,1,True
6271,,,0.002,51.0,convMedGSIGMOID__PGDK_w_0.0313.onnx,unsat,29.975,451.0,,eran,51.0 convMedGSIGMOID__PGDK_w_0.0313.onnx 0.002,1,1,True
6275,,,0.002,51.0,convMedGSIGMOID__Point.onnx,unsat,0.209,551.0,,eran,51.0 convMedGSIGMOID__Point.onnx 0.002,1,1,True
6304,,,0.002,51.0,ffnnSIGMOID__PGDK_w_0.0078_6_500.onnx,unsat,0.203,3351.0,,eran,51.0 ffnnSIGMOID__PGDK_w_0.0078_6_500.onnx 0.002,1,1,True
6308,,,0.002,51.0,ffnnSIGMOID__PGDK_w_0.0313_6_500.onnx,unsat,58.407,2151.0,,eran,51.0 ffnnSIGMOID__PGDK_w_0.0313_6_500.onnx 0.002,1,1,True
6309,,,0.002,51.0,ffnnSIGMOID__Point_6_500.onnx,unsat,0.294,951.0,,eran,51.0 ffnnSIGMOID__Point_6_500.onnx 0.002,1,1,True
6400,,,0.002,52.0,convMedGSIGMOID__PGDK_w_0.0078.onnx,unsat,0.215,3552.0,,eran,52.0 convMedGSIGMOID__PGDK_w_0.0078.onnx 0.002,1,1,True
6404,,,0.002,52.0,convMedGSIGMOID__PGDK_w_0.0313.onnx,unsat,0.23,452.0,,eran,52.0 convMedGSIGMOID__PGDK_w_0.0313.onnx 0.002,1,1,True
6406,,,0.002,52.0,convMedGSIGMOID__Point.onnx,unsat,0.219,552.0,,eran,52.0 convMedGSIGMOID__Point.onnx 0.002,1,1,True
6436,,,0.002,52.0,ffnnSIGMOID__PGDK_w_0.0078_6_500.onnx,unsat,0.419,3352.0,,eran,52.0 ffnnSIGMOID__PGDK_w_0.0078_6_500.onnx 0.002,1,1,True
6440,,,0.002,52.0,ffnnSIGMOID__PGDK_w_0.0313_6_500.onnx,unsat,0.401,2152.0,,eran,52.0 ffnnSIGMOID__PGDK_w_0.0313_6_500.onnx 0.002,1,1,True
6441,,,0.002,52.0,ffnnSIGMOID__Point_6_500.onnx,unsat,0.6,952.0,,eran,52.0 ffnnSIGMOID__Point_6_500.onnx 0.002,1,1,True
6533,,,0.002,53.0,convMedGSIGMOID__PGDK_w_0.0078.onnx,unsat,0.204,3553.0,,eran,53.0 convMedGSIGMOID__PGDK_w_0.0078.onnx 0.002,1,1,True
6536,,,0.002,53.0,convMedGSIGMOID__PGDK_w_0.0313.onnx,unsat,0.219,453.0,,eran,53.0 convMedGSIGMOID__PGDK_w_0.0313.onnx 0.002,1,1,True
6537,,,0.002,53.0,convMedGSIGMOID__Point.onnx,unsat,30.111,553.0,,eran,53.0 convMedGSIGMOID__Point.onnx 0.002,1,1,True
6568,,,0.002,53.0,ffnnSIGMOID__PGDK_w_0.0078_6_500.onnx,unsat,0.352,3353.0,,eran,53.0 ffnnSIGMOID__PGDK_w_0.0078_6_500.onnx 0.002,1,1,True
6268,,,0.002,51.0,convMedGSIGMOID__PGDK_w_0.0078.onnx,unsat,0.206,3551.0,,eran,51.0 convMedGSIGMOID__PGDK_w_0.0078.onnx 0.002,1,1,True
6177,,,0.002,50.0,ffnnSIGMOID__Point_6_500.onnx,unsat,0.44,950.0,,eran,50.0 ffnnSIGMOID__Point_6_500.onnx 0.002,1,1,True
6176,,,0.002,50.0,ffnnSIGMOID__PGDK_w_0.0313_6_500.onnx,unsat,0.62,2150.0,,eran,50.0 ffnnSIGMOID__PGDK_w_0.0313_6_500.onnx 0.002,1,1,True
6006,,,0.002,5.0,convMedGSIGMOID__PGDK_w_0.0313.onnx,unsat,8.581,405.0,,eran,5.0 convMedGSIGMOID__PGDK_w_0.0313.onnx 0.002,1,1,True
5876,,,0.002,49.0,convMedGSIGMOID__PGDK_w_0.0313.onnx,unsat,8.112,449.0,,eran,49.0 convMedGSIGMOID__PGDK_w_0.0313.onnx 0.002,1,1,True
5879,,,0.002,49.0,convMedGSIGMOID__Point.onnx,unsat,8.471,549.0,,eran,49.0 convMedGSIGMOID__Point.onnx 0.002,1,1,True
5909,,,0.002,49.0,ffnnSIGMOID__PGDK_w_0.0078_6_500.onnx,unsat,0.138,3349.0,,eran,49.0 ffnnSIGMOID__PGDK_w_0.0078_6_500.onnx 0.002,1,1,True
5910,,,0.002,49.0,ffnnSIGMOID__PGDK_w_0.0313_6_500.onnx,unsat,0.138,2149.0,,eran,49.0 ffnnSIGMOID__PGDK_w_0.0313_6_500.onnx 0.002,1,1,True
5913,,,0.002,49.0,ffnnSIGMOID__Point_6_500.onnx,unsat,0.167,949.0,,eran,49.0 ffnnSIGMOID__Point_6_500.onnx 0.002,1,1,True
6003,,,0.002,5.0,convMedGSIGMOID__PGDK_w_0.0078.onnx,unsat,8.391,3505.0,,eran,5.0 convMedGSIGMOID__PGDK_w_0.0078.onnx 0.002,1,1,True
6009,,,0.002,5.0,convMedGSIGMOID__Point.onnx,unsat,8.456,505.0,,eran,5.0 convMedGSIGMOID__Point.onnx 0.002,1,1,True
6172,,,0.002,50.0,ffnnSIGMOID__PGDK_w_0.0078_6_500.onnx,unsat,0.607,3350.0,,eran,50.0 ffnnSIGMOID__PGDK_w_0.0078_6_500.onnx 0.002,1,1,True
6040,,,0.002,5.0,ffnnSIGMOID__PGDK_w_0.0078_6_500.onnx,unsat,0.236,3305.0,,eran,5.0 ffnnSIGMOID__PGDK_w_0.0078_6_500.onnx 0.002,1,1,True
6042,,,0.002,5.0,ffnnSIGMOID__PGDK_w_0.0313_6_500.onnx,unsat,0.195,2105.0,,eran,5.0 ffnnSIGMOID__PGDK_w_0.0313_6_500.onnx 0.002,1,1,True
6047,,,0.002,5.0,ffnnSIGMOID__Point_6_500.onnx,unsat,0.286,905.0,,eran,5.0 ffnnSIGMOID__Point_6_500.onnx 0.002,1,1,True
6137,,,0.002,50.0,convMedGSIGMOID__PGDK_w_0.0078.onnx,unsat,8.508,3550.0,,eran,50.0 convMedGSIGMOID__PGDK_w_0.0078.onnx 0.002,1,1,True
6140,,,0.002,50.0,convMedGSIGMOID__PGDK_w_0.0313.onnx,unsat,8.306,450.0,,eran,50.0 convMedGSIGMOID__PGDK_w_0.0313.onnx 0.002,1,1,True
6141,,,0.002,50.0,convMedGSIGMOID__Point.onnx,unsat,8.478,550.0,,eran,50.0 convMedGSIGMOID__Point.onnx 0.002,1,1,True
4989,,,0.002,42.0,ffnnSIGMOID__PGDK_w_0.0313_6_500.onnx,unsat,0.39,2142.0,,eran,42.0 ffnnSIGMOID__PGDK_w_0.0313_6_500.onnx 0.002,1,1,True
4956,,,0.002,42.0,convMedGSIGMOID__Point.onnx,unsat,0.222,542.0,,eran,42.0 convMedGSIGMOID__Point.onnx 0.002,1,1,True
3369,,,0.002,31.0,convMedGSIGMOID__PGDK_w_0.0313.onnx,unsat,29.988,431.0,,eran,31.0 convMedGSIGMOID__PGDK_w_0.0313.onnx 0.002,1,1,True
3767,,,0.002,34.0,convMedGSIGMOID__PGDK_w_0.0313.onnx,unsat,8.382,434.0,,eran,34.0 convMedGSIGMOID__PGDK_w_0.0313.onnx 0.002,1,1,True
3798,,,0.002,34.0,ffnnSIGMOID__PGDK_w_0.0078_6_500.onnx,unsat,0.493,3334.0,,eran,34.0 ffnnSIGMOID__PGDK_w_0.0078_6_500.onnx 0.002,1,1,True
3802,,,0.002,34.0,ffnnSIGMOID__PGDK_w_0.0313_6_500.onnx,unsat,0.525,2134.0,,eran,34.0 ffnnSIGMOID__PGDK_w_0.0313_6_500.onnx 0.002,1,1,True
3804,,,0.002,34.0,ffnnSIGMOID__Point_6_500.onnx,unsat,0.388,934.0,,eran,34.0 ffnnSIGMOID__Point_6_500.onnx 0.002,1,1,True
3896,,,0.002,35.0,convMedGSIGMOID__PGDK_w_0.0078.onnx,unsat,0.225,3535.0,,eran,35.0 convMedGSIGMOID__PGDK_w_0.0078.onnx 0.002,1,1,True
3897,,,0.002,35.0,convMedGSIGMOID__PGDK_w_0.0313.onnx,unsat,0.216,435.0,,eran,35.0 convMedGSIGMOID__PGDK_w_0.0313.onnx 0.002,1,1,True
3902,,,0.002,35.0,convMedGSIGMOID__Point.onnx,unsat,0.223,535.0,,eran,35.0 convMedGSIGMOID__Point.onnx 0.002,1,1,True
3931,,,0.002,35.0,ffnnSIGMOID__PGDK_w_0.0078_6_500.onnx,unsat,0.398,3335.0,,eran,35.0 ffnnSIGMOID__PGDK_w_0.0078_6_500.onnx 0.002,1,1,True
3933,,,0.002,35.0,ffnnSIGMOID__PGDK_w_0.0313_6_500.onnx,unsat,0.336,2135.0,,eran,35.0 ffnnSIGMOID__PGDK_w_0.0313_6_500.onnx 0.002,1,1,True
3938,,,0.002,35.0,ffnnSIGMOID__Point_6_500.onnx,unsat,0.468,935.0,,eran,35.0 ffnnSIGMOID__Point_6_500.onnx 0.002,1,1,True
4026,,,0.002,36.0,convMedGSIGMOID__PGDK_w_0.0078.onnx,unsat,0.288,3536.0,,eran,36.0 convMedGSIGMOID__PGDK_w_0.0078.onnx 0.002,1,1,True
4029,,,0.002,36.0,convMedGSIGMOID__PGDK_w_0.0313.onnx,unsat,0.206,436.0,,eran,36.0 convMedGSIGMOID__PGDK_w_0.0313.onnx 0.002,1,1,True
4033,,,0.002,36.0,convMedGSIGMOID__Point.onnx,unsat,8.422,536.0,,eran,36.0 convMedGSIGMOID__Point.onnx 0.002,1,1,True
4064,,,0.002,36.0,ffnnSIGMOID__PGDK_w_0.0078_6_500.onnx,unsat,0.187,3336.0,,eran,36.0 ffnnSIGMOID__PGDK_w_0.0078_6_500.onnx 0.002,1,1,True
4067,,,0.002,36.0,ffnnSIGMOID__PGDK_w_0.0313_6_500.onnx,unsat,0.119,2136.0,,eran,36.0 ffnnSIGMOID__PGDK_w_0.0313_6_500.onnx 0.002,1,1,True
4070,,,0.002,36.0,ffnnSIGMOID__Point_6_500.onnx,unsat,0.234,936.0,,eran,36.0 ffnnSIGMOID__Point_6_500.onnx 0.002,1,1,True
3768,,,0.002,34.0,convMedGSIGMOID__Point.onnx,unsat,8.489,534.0,,eran,34.0 convMedGSIGMOID__Point.onnx 0.002,1,1,True
3762,,,0.002,34.0,convMedGSIGMOID__PGDK_w_0.0078.onnx,unsat,8.423,3534.0,,eran,34.0 convMedGSIGMOID__PGDK_w_0.0078.onnx 0.002,1,1,True
4955,,,0.002,42.0,convMedGSIGMOID__PGDK_w_0.0313.onnx,unsat,8.556,442.0,,eran,42.0 convMedGSIGMOID__PGDK_w_0.0313.onnx 0.002,1,1,True
3672,,,0.002,33.0,ffnnSIGMOID__Point_6_500.onnx,unsat,0.385,933.0,,eran,33.0 ffnnSIGMOID__Point_6_500.onnx 0.002,1,1,True
3373,,,0.002,31.0,convMedGSIGMOID__Point.onnx,unsat,0.218,531.0,,eran,31.0 convMedGSIGMOID__Point.onnx 0.002,1,1,True
3404,,,0.002,31.0,ffnnSIGMOID__PGDK_w_0.0078_6_500.onnx,unsat,58.958,3331.0,,eran,31.0 ffnnSIGMOID__PGDK_w_0.0078_6_500.onnx 0.002,1,1,True
3405,,,0.002,31.0,ffnnSIGMOID__PGDK_w_0.0313_6_500.onnx,unsat,58.106,2131.0,,eran,31.0 ffnnSIGMOID__PGDK_w_0.0313_6_500.onnx 0.002,1,1,True
3409,,,0.002,31.0,ffnnSIGMOID__Point_6_500.onnx,unsat,0.284,931.0,,eran,31.0 ffnnSIGMOID__Point_6_500.onnx 0.002,1,1,True
3500,,,0.002,32.0,convMedGSIGMOID__PGDK_w_0.0078.onnx,unsat,0.217,3532.0,,eran,32.0 convMedGSIGMOID__PGDK_w_0.0078.onnx 0.002,1,1,True
3502,,,0.002,32.0,convMedGSIGMOID__PGDK_w_0.0313.onnx,unsat,8.532,432.0,,eran,32.0 convMedGSIGMOID__PGDK_w_0.0313.onnx 0.002,1,1,True
3505,,,0.002,32.0,convMedGSIGMOID__Point.onnx,unsat,0.202,532.0,,eran,32.0 convMedGSIGMOID__Point.onnx 0.002,1,1,True
3534,,,0.002,32.0,ffnnSIGMOID__PGDK_w_0.0078_6_500.onnx,unsat,0.164,3332.0,,eran,32.0 ffnnSIGMOID__PGDK_w_0.0078_6_500.onnx 0.002,1,1,True
3537,,,0.002,32.0,ffnnSIGMOID__PGDK_w_0.0313_6_500.onnx,unsat,0.143,2132.0,,eran,32.0 ffnnSIGMOID__PGDK_w_0.0313_6_500.onnx 0.002,1,1,True
3540,,,0.002,32.0,ffnnSIGMOID__Point_6_500.onnx,unsat,0.181,932.0,,eran,32.0 ffnnSIGMOID__Point_6_500.onnx 0.002,1,1,True
3630,,,0.002,33.0,convMedGSIGMOID__PGDK_w_0.0078.onnx,unsat,0.231,3533.0,,eran,33.0 convMedGSIGMOID__PGDK_w_0.0078.onnx 0.002,1,1,True
3635,,,0.002,33.0,convMedGSIGMOID__PGDK_w_0.0313.onnx,unsat,8.437,433.0,,eran,33.0 convMedGSIGMOID__PGDK_w_0.0313.onnx 0.002,1,1,True
3636,,,0.002,33.0,convMedGSIGMOID__Point.onnx,unsat,0.23,533.0,,eran,33.0 convMedGSIGMOID__Point.onnx 0.002,1,1,True
3666,,,0.002,33.0,ffnnSIGMOID__PGDK_w_0.0078_6_500.onnx,unsat,0.344,3333.0,,eran,33.0 ffnnSIGMOID__PGDK_w_0.0078_6_500.onnx 0.002,1,1,True
3670,,,0.002,33.0,ffnnSIGMOID__PGDK_w_0.0313_6_500.onnx,unsat,58.303,2133.0,,eran,33.0 ffnnSIGMOID__PGDK_w_0.0313_6_500.onnx 0.002,1,1,True
4158,,,0.002,37.0,convMedGSIGMOID__PGDK_w_0.0078.onnx,unsat,0.236,3537.0,,eran,37.0 convMedGSIGMOID__PGDK_w_0.0078.onnx 0.002,1,1,True
4162,,,0.002,37.0,convMedGSIGMOID__PGDK_w_0.0313.onnx,unsat,0.25,437.0,,eran,37.0 convMedGSIGMOID__PGDK_w_0.0313.onnx 0.002,1,1,True
4166,,,0.002,37.0,convMedGSIGMOID__Point.onnx,unsat,0.224,537.0,,eran,37.0 convMedGSIGMOID__Point.onnx 0.002,1,1,True
4195,,,0.002,37.0,ffnnSIGMOID__PGDK_w_0.0078_6_500.onnx,unsat,0.665,3337.0,,eran,37.0 ffnnSIGMOID__PGDK_w_0.0078_6_500.onnx 0.002,1,1,True
4595,,,0.002,4.0,ffnnSIGMOID__PGDK_w_0.0313_6_500.onnx,unsat,0.191,2104.0,,eran,4.0 ffnnSIGMOID__PGDK_w_0.0313_6_500.onnx 0.002,1,1,True
4597,,,0.002,4.0,ffnnSIGMOID__Point_6_500.onnx,unsat,0.385,904.0,,eran,4.0 ffnnSIGMOID__Point_6_500.onnx 0.002,1,1,True
4688,,,0.002,40.0,convMedGSIGMOID__PGDK_w_0.0078.onnx,unsat,0.224,3540.0,,eran,40.0 convMedGSIGMOID__PGDK_w_0.0078.onnx 0.002,1,1,True
4690,,,0.002,40.0,convMedGSIGMOID__PGDK_w_0.0313.onnx,unsat,0.235,440.0,,eran,40.0 convMedGSIGMOID__PGDK_w_0.0313.onnx 0.002,1,1,True
4693,,,0.002,40.0,convMedGSIGMOID__Point.onnx,unsat,0.226,540.0,,eran,40.0 convMedGSIGMOID__Point.onnx 0.002,1,1,True
4723,,,0.002,40.0,ffnnSIGMOID__PGDK_w_0.0078_6_500.onnx,unsat,0.257,3340.0,,eran,40.0 ffnnSIGMOID__PGDK_w_0.0078_6_500.onnx 0.002,1,1,True
4725,,,0.002,40.0,ffnnSIGMOID__PGDK_w_0.0313_6_500.onnx,unsat,0.219,2140.0,,eran,40.0 ffnnSIGMOID__PGDK_w_0.0313_6_500.onnx 0.002,1,1,True
4728,,,0.002,40.0,ffnnSIGMOID__Point_6_500.onnx,unsat,0.243,940.0,,eran,40.0 ffnnSIGMOID__Point_6_500.onnx 0.002,1,1,True
4819,,,0.002,41.0,convMedGSIGMOID__PGDK_w_0.0078.onnx,unsat,8.484,3541.0,,eran,41.0 convMedGSIGMOID__PGDK_w_0.0078.onnx 0.002,1,1,True
4821,,,0.002,41.0,convMedGSIGMOID__PGDK_w_0.0313.onnx,unsat,8.489,441.0,,eran,41.0 convMedGSIGMOID__PGDK_w_0.0313.onnx 0.002,1,1,True
4824,,,0.002,41.0,convMedGSIGMOID__Point.onnx,unsat,8.604,541.0,,eran,41.0 convMedGSIGMOID__Point.onnx 0.002,1,1,True
4856,,,0.002,41.0,ffnnSIGMOID__PGDK_w_0.0078_6_500.onnx,unsat,0.63,3341.0,,eran,41.0 ffnnSIGMOID__PGDK_w_0.0078_6_500.onnx 0.002,1,1,True
4859,,,0.002,41.0,ffnnSIGMOID__PGDK_w_0.0313_6_500.onnx,unsat,0.514,2141.0,,eran,41.0 ffnnSIGMOID__PGDK_w_0.0313_6_500.onnx 0.002,1,1,True
4862,,,0.002,41.0,ffnnSIGMOID__Point_6_500.onnx,unsat,0.559,941.0,,eran,41.0 ffnnSIGMOID__Point_6_500.onnx 0.002,1,1,True
4950,,,0.002,42.0,convMedGSIGMOID__PGDK_w_0.0078.onnx,unsat,30.605,3542.0,,eran,42.0 convMedGSIGMOID__PGDK_w_0.0078.onnx 0.002,1,1,True
4592,,,0.002,4.0,ffnnSIGMOID__PGDK_w_0.0078_6_500.onnx,unsat,0.286,3304.0,,eran,4.0 ffnnSIGMOID__PGDK_w_0.0078_6_500.onnx 0.002,1,1,True
4562,,,0.002,4.0,convMedGSIGMOID__Point.onnx,unsat,0.204,504.0,,eran,4.0 convMedGSIGMOID__Point.onnx 0.002,1,1,True
4558,,,0.002,4.0,convMedGSIGMOID__PGDK_w_0.0313.onnx,unsat,8.308,404.0,,eran,4.0 convMedGSIGMOID__PGDK_w_0.0313.onnx 0.002,1,1,True
4330,,,0.002,38.0,ffnnSIGMOID__PGDK_w_0.0313_6_500.onnx,unsat,0.452,2138.0,,eran,38.0 ffnnSIGMOID__PGDK_w_0.0313_6_500.onnx 0.002,1,1,True
4197,,,0.002,37.0,ffnnSIGMOID__PGDK_w_0.0313_6_500.onnx,unsat,0.678,2137.0,,eran,37.0 ffnnSIGMOID__PGDK_w_0.0313_6_500.onnx 0.002,1,1,True
4202,,,0.002,37.0,ffnnSIGMOID__Point_6_500.onnx,unsat,59.577,937.0,,eran,37.0 ffnnSIGMOID__Point_6_500.onnx 0.002,1,1,True
4290,,,0.002,38.0,convMedGSIGMOID__PGDK_w_0.0078.onnx,unsat,0.209,3538.0,,eran,38.0 convMedGSIGMOID__PGDK_w_0.0078.onnx 0.002,1,1,True
4294,,,0.002,38.0,convMedGSIGMOID__PGDK_w_0.0313.onnx,unsat,0.21,438.0,,eran,38.0 convMedGSIGMOID__PGDK_w_0.0313.onnx 0.002,1,1,True
4298,,,0.002,38.0,convMedGSIGMOID__Point.onnx,unsat,29.887,538.0,,eran,38.0 convMedGSIGMOID__Point.onnx 0.002,1,1,True
4326,,,0.002,38.0,ffnnSIGMOID__PGDK_w_0.0078_6_500.onnx,unsat,0.557,3338.0,,eran,38.0 ffnnSIGMOID__PGDK_w_0.0078_6_500.onnx 0.002,1,1,True
4332,,,0.002,38.0,ffnnSIGMOID__Point_6_500.onnx,unsat,0.402,938.0,,eran,38.0 ffnnSIGMOID__Point_6_500.onnx 0.002,1,1,True
4556,,,0.002,4.0,convMedGSIGMOID__PGDK_w_0.0078.onnx,unsat,8.488,3504.0,,eran,4.0 convMedGSIGMOID__PGDK_w_0.0078.onnx 0.002,1,1,True
4424,,,0.002,39.0,convMedGSIGMOID__PGDK_w_0.0078.onnx,unsat,8.445,3539.0,,eran,39.0 convMedGSIGMOID__PGDK_w_0.0078.onnx 0.002,1,1,True
4427,,,0.002,39.0,convMedGSIGMOID__PGDK_w_0.0313.onnx,unsat,8.449,439.0,,eran,39.0 convMedGSIGMOID__PGDK_w_0.0313.onnx 0.002,1,1,True
4430,,,0.002,39.0,convMedGSIGMOID__Point.onnx,unsat,8.517,539.0,,eran,39.0 convMedGSIGMOID__Point.onnx 0.002,1,1,True
4460,,,0.002,39.0,ffnnSIGMOID__PGDK_w_0.0078_6_500.onnx,unsat,0.329,3339.0,,eran,39.0 ffnnSIGMOID__PGDK_w_0.0078_6_500.onnx 0.002,1,1,True
4462,,,0.002,39.0,ffnnSIGMOID__PGDK_w_0.0313_6_500.onnx,unsat,0.182,2139.0,,eran,39.0 ffnnSIGMOID__PGDK_w_0.0313_6_500.onnx 0.002,1,1,True
4466,,,0.002,39.0,ffnnSIGMOID__Point_6_500.onnx,unsat,0.433,939.0,,eran,39.0 ffnnSIGMOID__Point_6_500.onnx 0.002,1,1,True
13174,,,0.002,99.0,ffnnSIGMOID__Point_6_500.onnx,unsat,0.535,999.0,,eran,99.0 ffnnSIGMOID__Point_6_500.onnx 0.002,1,1,True
